,image_path,image_height,image_width,crop_path,cluster,class,class_s,score,score_s,x,y,xx,xy,exemplar,cluster_batch,HDBSCAN_probability
0,/Users/dcline/Dropbox/code/ai/sdcat/data/1554321.jpg,224,224,/Users/dcline/Dropbox/code/ai/sdcat/data_cluster/crops/1554321.png,1,Otter,Bird,0.9999,0.0001,0.0,0.0,1.0,1.0,0,0000000000000000_c9969ea1-cc51-4b22-a484-3a50faecb8be,0.4245258425770755
1,/Users/dcline/Dropbox/code/ai/sdcat/data/1555087.jpg,224,224,/Users/dcline/Dropbox/code/ai/sdcat/data_cluster/crops/1555087.png,-1,Buoy,Person,0.9999,0.0001,0.0,0.0,1.0,1.0,0,-1,0.0
2,/Users/dcline/Dropbox/code/ai/sdcat/data/1555108.jpg,224,224,/Users/dcline/Dropbox/code/ai/sdcat/data_cluster/crops/1555108.png,3,Buoy,Person,0.9999,0.0001,0.0,0.0,1.0,1.0,0,0000000000000002_c9969ea1-cc51-4b22-a484-3a50faecb8be,0.9641483558345778
3,/Users/dcline/Dropbox/code/ai/sdcat/data/1555112.jpg,224,224,/Users/dcline/Dropbox/code/ai/sdcat/data_cluster/crops/1555112.png,3,Buoy,Person,0.9999,0.0001,0.0,0.0,1.0,1.0,0,0000000000000002_c9969ea1-cc51-4b22-a484-3a50faecb8be,1.0
4,/Users/dcline/Dropbox/code/ai/sdcat/data/1555121.jpg,224,224,/Users/dcline/Dropbox/code/ai/sdcat/data_cluster/crops/1555121.png,3,Buoy,Person,0.9999,0.0001,0.0,0.0,1.0,1.0,0,0000000000000002_c9969ea1-cc51-4b22-a484-3a50faecb8be,1.0
5,/Users/dcline/Dropbox/code/ai/sdcat/data/1555352.jpg,224,224,/Users/dcline/Dropbox/code/ai/sdcat/data_cluster/crops/1555352.png,-1,Secci_Disc,Reflectance,0.9999,0.0001,0.0,0.0,1.0,1.0,0,-1,0.0
6,/Users/dcline/Dropbox/code/ai/sdcat/data/1909063.jpg,224,224,/Users/dcline/Dropbox/code/ai/sdcat/data_cluster/crops/1909063.png,1,Otter,Bird,0.9999,0.0001,0.0,0.0,1.0,1.0,0,0000000000000000_c9969ea1-cc51-4b22-a484-3a50faecb8be,1.0
7,/Users/dcline/Dropbox/code/ai/sdcat/data/1909144.jpg,224,224,/Users/dcline/Dropbox/code/ai/sdcat/data_cluster/crops/1909144.png,1,Otter,Bird,0.9999,0.0001,0.0,0.0,1.0,1.0,0,0000000000000000_c9969ea1-cc51-4b22-a484-3a50faecb8be,0.37346487943687284
8,/Users/dcline/Dropbox/code/ai/sdcat/data/1909167.jpg,224,224,/Users/dcline/Dropbox/code/ai/sdcat/data_cluster/crops/1909167.png,1,Otter,Bird,0.9998,0.0002,0.0,0.0,1.0,1.0,0,0000000000000000_c9969ea1-cc51-4b22-a484-3a50faecb8be,0.5849717762627373
9,/Users/dcline/Dropbox/code/ai/sdcat/data/1910377.jpg,224,224,/Users/dcline/Dropbox/code/ai/sdcat/data_cluster/crops/1910377.png,1,Otter,Bird,0.9999,0.0001,0.0,0.0,1.0,1.0,0,0000000000000000_c9969ea1-cc51-4b22-a484-3a50faecb8be,0.5989521564859712
10,/Users/dcline/Dropbox/code/ai/sdcat/data/1910787.jpg,224,224,/Users/dcline/Dropbox/code/ai/sdcat/data_cluster/crops/1910787.png,1,Otter,Pinniped,0.9999,0.0001,0.0,0.0,1.0,1.0,0,0000000000000000_c9969ea1-cc51-4b22-a484-3a50faecb8be,0.5275576755886563
11,/Users/dcline/Dropbox/code/ai/sdcat/data/1915224.jpg,224,224,/Users/dcline/Dropbox/code/ai/sdcat/data_cluster/crops/1915224.png,1,Otter,Bird,0.9998,0.0002,0.0,0.0,1.0,1.0,0,0000000000000000_c9969ea1-cc51-4b22-a484-3a50faecb8be,0.5764711406826252
12,/Users/dcline/Dropbox/code/ai/sdcat/data/1915393.jpg,224,224,/Users/dcline/Dropbox/code/ai/sdcat/data_cluster/crops/1915393.png,1,Otter,Bird,0.9999,0.0001,0.0,0.0,1.0,1.0,0,0000000000000000_c9969ea1-cc51-4b22-a484-3a50faecb8be,0.6571195638747293
13,/Users/dcline/Dropbox/code/ai/sdcat/data/1915857.jpg,224,224,/Users/dcline/Dropbox/code/ai/sdcat/data_cluster/crops/1915857.png,1,Otter,Bird,0.9999,0.0001,0.0,0.0,1.0,1.0,0,0000000000000000_c9969ea1-cc51-4b22-a484-3a50faecb8be,0.6735544863678569
14,/Users/dcline/Dropbox/code/ai/sdcat/data/1918374.jpg,224,224,/Users/dcline/Dropbox/code/ai/sdcat/data_cluster/crops/1918374.png,1,Otter,Bird,0.9999,0.0001,0.0,0.0,1.0,1.0,0,0000000000000000_c9969ea1-cc51-4b22-a484-3a50faecb8be,1.0
15,/Users/dcline/Dropbox/code/ai/sdcat/data/1921701.jpg,224,224,/Users/dcline/Dropbox/code/ai/sdcat/data_cluster/crops/1921701.png,1,Otter,Bird,0.9999,0.0001,0.0,0.0,1.0,1.0,0,0000000000000000_c9969ea1-cc51-4b22-a484-3a50faecb8be,0.7936031188773632
16,/Users/dcline/Dropbox/code/ai/sdcat/data/1925999.jpg,224,224,/Users/dcline/Dropbox/code/ai/sdcat/data_cluster/crops/1925999.png,3,Buoy,Person,0.9999,0.0001,0.0,0.0,1.0,1.0,0,0000000000000003_c9969ea1-cc51-4b22-a484-3a50faecb8be,1.0
17,/Users/dcline/Dropbox/code/ai/sdcat/data/1926984.jpg,224,224,/Users/dcline/Dropbox/code/ai/sdcat/data_cluster/crops/1926984.png,3,Buoy,Person,0.9999,0.0001,0.0,0.0,1.0,1.0,0,0000000000000003_c9969ea1-cc51-4b22-a484-3a50faecb8be,1.0
18,/Users/dcline/Dropbox/code/ai/sdcat/data/1955944.jpg,224,224,/Users/dcline/Dropbox/code/ai/sdcat/data_cluster/crops/1955944.png,-1,Buoy,Person,0.9997,0.0003,0.0,0.0,1.0,1.0,0,-1,0.0
19,/Users/dcline/Dropbox/code/ai/sdcat/data/1982640.jpg,224,224,/Users/dcline/Dropbox/code/ai/sdcat/data_cluster/crops/1982640.png,1,Otter,Pinniped,0.9997,0.0003,0.0,0.0,1.0,1.0,0,0000000000000000_c9969ea1-cc51-4b22-a484-3a50faecb8be,0.2521113010290322
20,/Users/dcline/Dropbox/code/ai/sdcat/data/1991335.jpg,224,224,/Users/dcline/Dropbox/code/ai/sdcat/data_cluster/crops/1991335.png,4,Shark,Bird,1.0,0.0,0.0,0.0,1.0,1.0,0,0000000000000001_c9969ea1-cc51-4b22-a484-3a50faecb8be,0.23129084585029558
21,/Users/dcline/Dropbox/code/ai/sdcat/data/1991336.jpg,224,224,/Users/dcline/Dropbox/code/ai/sdcat/data_cluster/crops/1991336.png,4,Shark,Bird,1.0,0.0,0.0,0.0,1.0,1.0,0,0000000000000001_c9969ea1-cc51-4b22-a484-3a50faecb8be,0.1776201327771506
22,/Users/dcline/Dropbox/code/ai/sdcat/data/1991338.jpg,224,224,/Users/dcline/Dropbox/code/ai/sdcat/data_cluster/crops/1991338.png,4,Shark,Egregia,1.0,0.0,0.0,0.0,1.0,1.0,0,0000000000000001_c9969ea1-cc51-4b22-a484-3a50faecb8be,0.1613697452471897
23,/Users/dcline/Dropbox/code/ai/sdcat/data/1991339.jpg,224,224,/Users/dcline/Dropbox/code/ai/sdcat/data_cluster/crops/1991339.png,4,Shark,Bird,1.0,0.0,0.0,0.0,1.0,1.0,0,0000000000000001_c9969ea1-cc51-4b22-a484-3a50faecb8be,0.18196180688703123
24,/Users/dcline/Dropbox/code/ai/sdcat/data/1991340.jpg,224,224,/Users/dcline/Dropbox/code/ai/sdcat/data_cluster/crops/1991340.png,4,Shark,Egregia,1.0,0.0,0.0,0.0,1.0,1.0,0,0000000000000001_c9969ea1-cc51-4b22-a484-3a50faecb8be,0.521239762381806
25,/Users/dcline/Dropbox/code/ai/sdcat/data/1991341.jpg,224,224,/Users/dcline/Dropbox/code/ai/sdcat/data_cluster/crops/1991341.png,4,Shark,Egregia,1.0,0.0,0.0,0.0,1.0,1.0,0,0000000000000001_c9969ea1-cc51-4b22-a484-3a50faecb8be,1.0
26,/Users/dcline/Dropbox/code/ai/sdcat/data/1991342.jpg,224,224,/Users/dcline/Dropbox/code/ai/sdcat/data_cluster/crops/1991342.png,4,Shark,Egregia,1.0,0.0,0.0,0.0,1.0,1.0,0,0000000000000001_c9969ea1-cc51-4b22-a484-3a50faecb8be,0.22912956646360544
27,/Users/dcline/Dropbox/code/ai/sdcat/data/1991344.jpg,224,224,/Users/dcline/Dropbox/code/ai/sdcat/data_cluster/crops/1991344.png,4,Shark,Egregia,1.0,0.0,0.0,0.0,1.0,1.0,0,0000000000000001_c9969ea1-cc51-4b22-a484-3a50faecb8be,0.2913482130577441
28,/Users/dcline/Dropbox/code/ai/sdcat/data/1991345.jpg,224,224,/Users/dcline/Dropbox/code/ai/sdcat/data_cluster/crops/1991345.png,4,Shark,Egregia,1.0,0.0,0.0,0.0,1.0,1.0,0,0000000000000001_c9969ea1-cc51-4b22-a484-3a50faecb8be,0.32142431369148905
29,/Users/dcline/Dropbox/code/ai/sdcat/data/1991346.jpg,224,224,/Users/dcline/Dropbox/code/ai/sdcat/data_cluster/crops/1991346.png,4,Shark,Egregia,1.0,0.0,0.0,0.0,1.0,1.0,0,0000000000000001_c9969ea1-cc51-4b22-a484-3a50faecb8be,1.0
30,/Users/dcline/Dropbox/code/ai/sdcat/data/2016714.jpg,224,224,/Users/dcline/Dropbox/code/ai/sdcat/data_cluster/crops/2016714.png,1,Otter,Bird,0.9999,0.0001,0.0,0.0,1.0,1.0,0,0000000000000000_c9969ea1-cc51-4b22-a484-3a50faecb8be,0.8460270254509985
31,/Users/dcline/Dropbox/code/ai/sdcat/data/2460456.jpg,224,224,/Users/dcline/Dropbox/code/ai/sdcat/data_cluster/crops/2460456.png,-1,Batray,Wave,1.0,0.0,0.0,0.0,1.0,1.0,0,-1,0.0
32,/Users/dcline/Dropbox/code/ai/sdcat/data/2460457.jpg,224,224,/Users/dcline/Dropbox/code/ai/sdcat/data_cluster/crops/2460457.png,-1,Batray,Wave,1.0,0.0,0.0,0.0,1.0,1.0,0,-1,0.0
33,/Users/dcline/Dropbox/code/ai/sdcat/data/2460458.jpg,224,224,/Users/dcline/Dropbox/code/ai/sdcat/data_cluster/crops/2460458.png,-1,Batray,Wave,1.0,0.0,0.0,0.0,1.0,1.0,0,-1,0.0
34,/Users/dcline/Dropbox/code/ai/sdcat/data/2460459.jpg,224,224,/Users/dcline/Dropbox/code/ai/sdcat/data_cluster/crops/2460459.png,2,Batray,Wave,1.0,0.0,0.0,0.0,1.0,1.0,0,0000000000000011_c9969ea1-cc51-4b22-a484-3a50faecb8be,1.0
35,/Users/dcline/Dropbox/code/ai/sdcat/data/2460460.jpg,224,224,/Users/dcline/Dropbox/code/ai/sdcat/data_cluster/crops/2460460.png,2,Batray,Wave,1.0,0.0,0.0,0.0,1.0,1.0,0,0000000000000011_c9969ea1-cc51-4b22-a484-3a50faecb8be,1.0
36,/Users/dcline/Dropbox/code/ai/sdcat/data/2460461.jpg,224,224,/Users/dcline/Dropbox/code/ai/sdcat/data_cluster/crops/2460461.png,2,Batray,Wave,1.0,0.0,0.0,0.0,1.0,1.0,0,0000000000000008_c9969ea1-cc51-4b22-a484-3a50faecb8be,1.0
37,/Users/dcline/Dropbox/code/ai/sdcat/data/2460462.jpg,224,224,/Users/dcline/Dropbox/code/ai/sdcat/data_cluster/crops/2460462.png,-1,Batray,Bird,1.0,0.0,0.0,0.0,1.0,1.0,0,-1,0.0
38,/Users/dcline/Dropbox/code/ai/sdcat/data/2460463.jpg,224,224,/Users/dcline/Dropbox/code/ai/sdcat/data_cluster/crops/2460463.png,2,Batray,Wave,1.0,0.0,0.0,0.0,1.0,1.0,0,0000000000000009_c9969ea1-cc51-4b22-a484-3a50faecb8be,0.7988505747126436
39,/Users/dcline/Dropbox/code/ai/sdcat/data/2460464.jpg,224,224,/Users/dcline/Dropbox/code/ai/sdcat/data_cluster/crops/2460464.png,2,Batray,Kelp,1.0,0.0,0.0,0.0,1.0,1.0,0,0000000000000012_c9969ea1-cc51-4b22-a484-3a50faecb8be,0.845472266524898
40,/Users/dcline/Dropbox/code/ai/sdcat/data/2460466.jpg,224,224,/Users/dcline/Dropbox/code/ai/sdcat/data_cluster/crops/2460466.png,2,Batray,Wave,1.0,0.0,0.0,0.0,1.0,1.0,0,0000000000000010_c9969ea1-cc51-4b22-a484-3a50faecb8be,1.0
41,/Users/dcline/Dropbox/code/ai/sdcat/data/2460467.jpg,224,224,/Users/dcline/Dropbox/code/ai/sdcat/data_cluster/crops/2460467.png,2,Batray,Wave,1.0,0.0,0.0,0.0,1.0,1.0,0,0000000000000006_c9969ea1-cc51-4b22-a484-3a50faecb8be,1.0
42,/Users/dcline/Dropbox/code/ai/sdcat/data/2460468.jpg,224,224,/Users/dcline/Dropbox/code/ai/sdcat/data_cluster/crops/2460468.png,-1,Batray,Wave,1.0,0.0,0.0,0.0,1.0,1.0,0,-1,0.0
43,/Users/dcline/Dropbox/code/ai/sdcat/data/2460469.jpg,224,224,/Users/dcline/Dropbox/code/ai/sdcat/data_cluster/crops/2460469.png,2,Batray,Wave,1.0,0.0,0.0,0.0,1.0,1.0,0,0000000000000009_c9969ea1-cc51-4b22-a484-3a50faecb8be,1.0
44,/Users/dcline/Dropbox/code/ai/sdcat/data/2460470.jpg,224,224,/Users/dcline/Dropbox/code/ai/sdcat/data_cluster/crops/2460470.png,-1,Batray,Wave,1.0,0.0,0.0,0.0,1.0,1.0,0,-1,0.0
45,/Users/dcline/Dropbox/code/ai/sdcat/data/2460471.jpg,224,224,/Users/dcline/Dropbox/code/ai/sdcat/data_cluster/crops/2460471.png,-1,Batray,Wave,1.0,0.0,0.0,0.0,1.0,1.0,0,-1,0.0
46,/Users/dcline/Dropbox/code/ai/sdcat/data/2460472.jpg,224,224,/Users/dcline/Dropbox/code/ai/sdcat/data_cluster/crops/2460472.png,-1,Batray,Wave,1.0,0.0,0.0,0.0,1.0,1.0,0,-1,0.0
47,/Users/dcline/Dropbox/code/ai/sdcat/data/2460473.jpg,224,224,/Users/dcline/Dropbox/code/ai/sdcat/data_cluster/crops/2460473.png,2,Batray,Wave,1.0,0.0,0.0,0.0,1.0,1.0,0,0000000000000009_c9969ea1-cc51-4b22-a484-3a50faecb8be,0.7970611952334019
48,/Users/dcline/Dropbox/code/ai/sdcat/data/2460474.jpg,224,224,/Users/dcline/Dropbox/code/ai/sdcat/data_cluster/crops/2460474.png,-1,Batray,Wave,1.0,0.0,0.0,0.0,1.0,1.0,0,-1,0.0
49,/Users/dcline/Dropbox/code/ai/sdcat/data/2460475.jpg,224,224,/Users/dcline/Dropbox/code/ai/sdcat/data_cluster/crops/2460475.png,2,Batray,Wave,1.0,0.0,0.0,0.0,1.0,1.0,0,0000000000000012_c9969ea1-cc51-4b22-a484-3a50faecb8be,1.0
50,/Users/dcline/Dropbox/code/ai/sdcat/data/2460476.jpg,224,224,/Users/dcline/Dropbox/code/ai/sdcat/data_cluster/crops/2460476.png,-1,Batray,Kelp,1.0,0.0,0.0,0.0,1.0,1.0,0,-1,0.0
51,/Users/dcline/Dropbox/code/ai/sdcat/data/2460477.jpg,224,224,/Users/dcline/Dropbox/code/ai/sdcat/data_cluster/crops/2460477.png,2,Batray,Kelp,1.0,0.0,0.0,0.0,1.0,1.0,0,0000000000000012_c9969ea1-cc51-4b22-a484-3a50faecb8be,1.0
52,/Users/dcline/Dropbox/code/ai/sdcat/data/2460478.jpg,224,224,/Users/dcline/Dropbox/code/ai/sdcat/data_cluster/crops/2460478.png,2,Batray,Wave,1.0,0.0,0.0,0.0,1.0,1.0,0,0000000000000009_c9969ea1-cc51-4b22-a484-3a50faecb8be,0.7988505747126436
53,/Users/dcline/Dropbox/code/ai/sdcat/data/2460479.jpg,224,224,/Users/dcline/Dropbox/code/ai/sdcat/data_cluster/crops/2460479.png,-1,Batray,Wave,1.0,0.0,0.0,0.0,1.0,1.0,0,-1,0.0
54,/Users/dcline/Dropbox/code/ai/sdcat/data/2460480.jpg,224,224,/Users/dcline/Dropbox/code/ai/sdcat/data_cluster/crops/2460480.png,2,Batray,Wave,1.0,0.0,0.0,0.0,1.0,1.0,0,0000000000000009_c9969ea1-cc51-4b22-a484-3a50faecb8be,1.0
55,/Users/dcline/Dropbox/code/ai/sdcat/data/2460481.jpg,224,224,/Users/dcline/Dropbox/code/ai/sdcat/data_cluster/crops/2460481.png,2,Batray,Kelp,1.0,0.0,0.0,0.0,1.0,1.0,0,0000000000000012_c9969ea1-cc51-4b22-a484-3a50faecb8be,0.9925109215727065
56,/Users/dcline/Dropbox/code/ai/sdcat/data/2460482.jpg,224,224,/Users/dcline/Dropbox/code/ai/sdcat/data_cluster/crops/2460482.png,-1,Batray,Wave,1.0,0.0,0.0,0.0,1.0,1.0,0,-1,0.0
57,/Users/dcline/Dropbox/code/ai/sdcat/data/2460483.jpg,224,224,/Users/dcline/Dropbox/code/ai/sdcat/data_cluster/crops/2460483.png,-1,Batray,Wave,1.0,0.0,0.0,0.0,1.0,1.0,0,-1,0.0
58,/Users/dcline/Dropbox/code/ai/sdcat/data/2460484.jpg,224,224,/Users/dcline/Dropbox/code/ai/sdcat/data_cluster/crops/2460484.png,2,Batray,Wave,1.0,0.0,0.0,0.0,1.0,1.0,0,0000000000000004_c9969ea1-cc51-4b22-a484-3a50faecb8be,0.9323355377654019
59,/Users/dcline/Dropbox/code/ai/sdcat/data/2460485.jpg,224,224,/Users/dcline/Dropbox/code/ai/sdcat/data_cluster/crops/2460485.png,-1,Batray,Wave,1.0,0.0,0.0,0.0,1.0,1.0,0,-1,0.0
60,/Users/dcline/Dropbox/code/ai/sdcat/data/2460486.jpg,224,224,/Users/dcline/Dropbox/code/ai/sdcat/data_cluster/crops/2460486.png,-1,Batray,Wave,1.0,0.0,0.0,0.0,1.0,1.0,0,-1,0.0
61,/Users/dcline/Dropbox/code/ai/sdcat/data/2460487.jpg,224,224,/Users/dcline/Dropbox/code/ai/sdcat/data_cluster/crops/2460487.png,2,Batray,Wave,1.0,0.0,0.0,0.0,1.0,1.0,0,0000000000000004_c9969ea1-cc51-4b22-a484-3a50faecb8be,1.0
62,/Users/dcline/Dropbox/code/ai/sdcat/data/2460488.jpg,224,224,/Users/dcline/Dropbox/code/ai/sdcat/data_cluster/crops/2460488.png,2,Batray,Wave,1.0,0.0,0.0,0.0,1.0,1.0,0,0000000000000004_c9969ea1-cc51-4b22-a484-3a50faecb8be,1.0
63,/Users/dcline/Dropbox/code/ai/sdcat/data/2460499.jpg,224,224,/Users/dcline/Dropbox/code/ai/sdcat/data_cluster/crops/2460499.png,-1,Batray,Wave,1.0,0.0,0.0,0.0,1.0,1.0,0,-1,0.0
64,/Users/dcline/Dropbox/code/ai/sdcat/data/2460500.jpg,224,224,/Users/dcline/Dropbox/code/ai/sdcat/data_cluster/crops/2460500.png,-1,Batray,Kelp,1.0,0.0,0.0,0.0,1.0,1.0,0,-1,0.0
65,/Users/dcline/Dropbox/code/ai/sdcat/data/2460501.jpg,224,224,/Users/dcline/Dropbox/code/ai/sdcat/data_cluster/crops/2460501.png,2,Batray,Wave,1.0,0.0,0.0,0.0,1.0,1.0,0,0000000000000005_c9969ea1-cc51-4b22-a484-3a50faecb8be,0.7536476731684841
66,/Users/dcline/Dropbox/code/ai/sdcat/data/2460502.jpg,224,224,/Users/dcline/Dropbox/code/ai/sdcat/data_cluster/crops/2460502.png,-1,Batray,Wave,1.0,0.0,0.0,0.0,1.0,1.0,0,-1,0.0
67,/Users/dcline/Dropbox/code/ai/sdcat/data/2460503.jpg,224,224,/Users/dcline/Dropbox/code/ai/sdcat/data_cluster/crops/2460503.png,-1,Batray,Wave,1.0,0.0,0.0,0.0,1.0,1.0,0,-1,0.0
68,/Users/dcline/Dropbox/code/ai/sdcat/data/2460504.jpg,224,224,/Users/dcline/Dropbox/code/ai/sdcat/data_cluster/crops/2460504.png,-1,Batray,Wave,1.0,0.0,0.0,0.0,1.0,1.0,0,-1,0.0
69,/Users/dcline/Dropbox/code/ai/sdcat/data/2460505.jpg,224,224,/Users/dcline/Dropbox/code/ai/sdcat/data_cluster/crops/2460505.png,-1,Batray,Wave,1.0,0.0,0.0,0.0,1.0,1.0,0,-1,0.0
70,/Users/dcline/Dropbox/code/ai/sdcat/data/2460506.jpg,224,224,/Users/dcline/Dropbox/code/ai/sdcat/data_cluster/crops/2460506.png,-1,Batray,Wave,1.0,0.0,0.0,0.0,1.0,1.0,0,-1,0.0
71,/Users/dcline/Dropbox/code/ai/sdcat/data/2460507.jpg,224,224,/Users/dcline/Dropbox/code/ai/sdcat/data_cluster/crops/2460507.png,-1,Batray,Wave,1.0,0.0,0.0,0.0,1.0,1.0,0,-1,0.0
72,/Users/dcline/Dropbox/code/ai/sdcat/data/2460508.jpg,224,224,/Users/dcline/Dropbox/code/ai/sdcat/data_cluster/crops/2460508.png,-1,Batray,Kelp,1.0,0.0,0.0,0.0,1.0,1.0,0,-1,0.0
73,/Users/dcline/Dropbox/code/ai/sdcat/data/2460509.jpg,224,224,/Users/dcline/Dropbox/code/ai/sdcat/data_cluster/crops/2460509.png,-1,Batray,Wave,1.0,0.0,0.0,0.0,1.0,1.0,0,-1,0.0
74,/Users/dcline/Dropbox/code/ai/sdcat/data/2460510.jpg,224,224,/Users/dcline/Dropbox/code/ai/sdcat/data_cluster/crops/2460510.png,-1,Batray,Wave,1.0,0.0,0.0,0.0,1.0,1.0,0,-1,0.0
75,/Users/dcline/Dropbox/code/ai/sdcat/data/2460511.jpg,224,224,/Users/dcline/Dropbox/code/ai/sdcat/data_cluster/crops/2460511.png,-1,Batray,Wave,1.0,0.0,0.0,0.0,1.0,1.0,0,-1,0.0
76,/Users/dcline/Dropbox/code/ai/sdcat/data/2460512.jpg,224,224,/Users/dcline/Dropbox/code/ai/sdcat/data_cluster/crops/2460512.png,2,Batray,Kelp,1.0,0.0,0.0,0.0,1.0,1.0,0,0000000000000012_c9969ea1-cc51-4b22-a484-3a50faecb8be,0.9925109215727065
77,/Users/dcline/Dropbox/code/ai/sdcat/data/2460522.jpg,224,224,/Users/dcline/Dropbox/code/ai/sdcat/data_cluster/crops/2460522.png,2,Batray,Wave,1.0,0.0,0.0,0.0,1.0,1.0,0,0000000000000010_c9969ea1-cc51-4b22-a484-3a50faecb8be,1.0
78,/Users/dcline/Dropbox/code/ai/sdcat/data/2460523.jpg,224,224,/Users/dcline/Dropbox/code/ai/sdcat/data_cluster/crops/2460523.png,-1,Batray,Wave,1.0,0.0,0.0,0.0,1.0,1.0,0,-1,0.0
79,/Users/dcline/Dropbox/code/ai/sdcat/data/2460524.jpg,224,224,/Users/dcline/Dropbox/code/ai/sdcat/data_cluster/crops/2460524.png,-1,Batray,Wave,1.0,0.0,0.0,0.0,1.0,1.0,0,-1,0.0
80,/Users/dcline/Dropbox/code/ai/sdcat/data/2460526.jpg,224,224,/Users/dcline/Dropbox/code/ai/sdcat/data_cluster/crops/2460526.png,-1,Batray,Wave,1.0,0.0,0.0,0.0,1.0,1.0,0,-1,0.0
81,/Users/dcline/Dropbox/code/ai/sdcat/data/2460527.jpg,224,224,/Users/dcline/Dropbox/code/ai/sdcat/data_cluster/crops/2460527.png,-1,Batray,Wave,1.0,0.0,0.0,0.0,1.0,1.0,0,-1,0.0
82,/Users/dcline/Dropbox/code/ai/sdcat/data/2460528.jpg,224,224,/Users/dcline/Dropbox/code/ai/sdcat/data_cluster/crops/2460528.png,-1,Batray,Wave,1.0,0.0,0.0,0.0,1.0,1.0,0,-1,0.0
83,/Users/dcline/Dropbox/code/ai/sdcat/data/2460529.jpg,224,224,/Users/dcline/Dropbox/code/ai/sdcat/data_cluster/crops/2460529.png,2,Batray,Wave,1.0,0.0,0.0,0.0,1.0,1.0,0,0000000000000012_c9969ea1-cc51-4b22-a484-3a50faecb8be,0.9119755328299723
84,/Users/dcline/Dropbox/code/ai/sdcat/data/2460531.jpg,224,224,/Users/dcline/Dropbox/code/ai/sdcat/data_cluster/crops/2460531.png,2,Batray,Wave,1.0,0.0,0.0,0.0,1.0,1.0,0,0000000000000007_c9969ea1-cc51-4b22-a484-3a50faecb8be,1.0
85,/Users/dcline/Dropbox/code/ai/sdcat/data/2460532.jpg,224,224,/Users/dcline/Dropbox/code/ai/sdcat/data_cluster/crops/2460532.png,2,Batray,Wave,1.0,0.0,0.0,0.0,1.0,1.0,0,0000000000000010_c9969ea1-cc51-4b22-a484-3a50faecb8be,0.9734197426505118
86,/Users/dcline/Dropbox/code/ai/sdcat/data/2460533.jpg,224,224,/Users/dcline/Dropbox/code/ai/sdcat/data_cluster/crops/2460533.png,2,Batray,Wave,1.0,0.0,0.0,0.0,1.0,1.0,0,0000000000000007_c9969ea1-cc51-4b22-a484-3a50faecb8be,1.0
87,/Users/dcline/Dropbox/code/ai/sdcat/data/2460534.jpg,224,224,/Users/dcline/Dropbox/code/ai/sdcat/data_cluster/crops/2460534.png,-1,Batray,Wave,1.0,0.0,0.0,0.0,1.0,1.0,0,-1,0.0
88,/Users/dcline/Dropbox/code/ai/sdcat/data/2460535.jpg,224,224,/Users/dcline/Dropbox/code/ai/sdcat/data_cluster/crops/2460535.png,2,Batray,Wave,1.0,0.0,0.0,0.0,1.0,1.0,0,0000000000000005_c9969ea1-cc51-4b22-a484-3a50faecb8be,1.0
89,/Users/dcline/Dropbox/code/ai/sdcat/data/2460536.jpg,224,224,/Users/dcline/Dropbox/code/ai/sdcat/data_cluster/crops/2460536.png,2,Batray,Wave,1.0,0.0,0.0,0.0,1.0,1.0,0,0000000000000006_c9969ea1-cc51-4b22-a484-3a50faecb8be,1.0
90,/Users/dcline/Dropbox/code/ai/sdcat/data/2460537.jpg,224,224,/Users/dcline/Dropbox/code/ai/sdcat/data_cluster/crops/2460537.png,-1,Batray,Wave,1.0,0.0,0.0,0.0,1.0,1.0,0,-1,0.0
91,/Users/dcline/Dropbox/code/ai/sdcat/data/2460538.jpg,224,224,/Users/dcline/Dropbox/code/ai/sdcat/data_cluster/crops/2460538.png,2,Batray,Wave,1.0,0.0,0.0,0.0,1.0,1.0,0,0000000000000008_c9969ea1-cc51-4b22-a484-3a50faecb8be,1.0
92,/Users/dcline/Dropbox/code/ai/sdcat/data/2460540.jpg,224,224,/Users/dcline/Dropbox/code/ai/sdcat/data_cluster/crops/2460540.png,-1,Batray,Wave,1.0,0.0,0.0,0.0,1.0,1.0,0,-1,0.0
93,/Users/dcline/Dropbox/code/ai/sdcat/data/2460541.jpg,224,224,/Users/dcline/Dropbox/code/ai/sdcat/data_cluster/crops/2460541.png,-1,Batray,Wave,1.0,0.0,0.0,0.0,1.0,1.0,0,-1,0.0
94,/Users/dcline/Dropbox/code/ai/sdcat/data/2460542.jpg,224,224,/Users/dcline/Dropbox/code/ai/sdcat/data_cluster/crops/2460542.png,-1,Batray,Wave,1.0,0.0,0.0,0.0,1.0,1.0,0,-1,0.0
95,/Users/dcline/Dropbox/code/ai/sdcat/data/2460544.jpg,224,224,/Users/dcline/Dropbox/code/ai/sdcat/data_cluster/crops/2460544.png,2,Batray,Wave,1.0,0.0,0.0,0.0,1.0,1.0,0,0000000000000005_c9969ea1-cc51-4b22-a484-3a50faecb8be,1.0
96,/Users/dcline/Dropbox/code/ai/sdcat/data/2460545.jpg,224,224,/Users/dcline/Dropbox/code/ai/sdcat/data_cluster/crops/2460545.png,-1,Batray,Wave,1.0,0.0,0.0,0.0,1.0,1.0,0,-1,0.0
97,/Users/dcline/Dropbox/code/ai/sdcat/data/2460546.jpg,224,224,/Users/dcline/Dropbox/code/ai/sdcat/data_cluster/crops/2460546.png,-1,Batray,Wave,1.0,0.0,0.0,0.0,1.0,1.0,0,-1,0.0
98,/Users/dcline/Dropbox/code/ai/sdcat/data/2460547.jpg,224,224,/Users/dcline/Dropbox/code/ai/sdcat/data_cluster/crops/2460547.png,-1,Batray,Wave,1.0,0.0,0.0,0.0,1.0,1.0,0,-1,0.0
99,/Users/dcline/Dropbox/code/ai/sdcat/data/2460548.jpg,224,224,/Users/dcline/Dropbox/code/ai/sdcat/data_cluster/crops/2460548.png,-1,Batray,Wave,1.0,0.0,0.0,0.0,1.0,1.0,0,-1,0.0
100,/Users/dcline/Dropbox/code/ai/sdcat/data/2460549.jpg,224,224,/Users/dcline/Dropbox/code/ai/sdcat/data_cluster/crops/2460549.png,-1,Batray,Wave,1.0,0.0,0.0,0.0,1.0,1.0,0,-1,0.0
101,/Users/dcline/Dropbox/code/ai/sdcat/data/2460551.jpg,224,224,/Users/dcline/Dropbox/code/ai/sdcat/data_cluster/crops/2460551.png,-1,Batray,Wave,1.0,0.0,0.0,0.0,1.0,1.0,0,-1,0.0
102,/Users/dcline/Dropbox/code/ai/sdcat/data/2460552.jpg,224,224,/Users/dcline/Dropbox/code/ai/sdcat/data_cluster/crops/2460552.png,2,Batray,Wave,1.0,0.0,0.0,0.0,1.0,1.0,0,0000000100000003_3221d706-d0d0-47cb-85e8-dbbb0162e225,1.0
103,/Users/dcline/Dropbox/code/ai/sdcat/data/2460553.jpg,224,224,/Users/dcline/Dropbox/code/ai/sdcat/data_cluster/crops/2460553.png,2,Batray,Wave,1.0,0.0,0.0,0.0,1.0,1.0,0,0000000100000003_3221d706-d0d0-47cb-85e8-dbbb0162e225,1.0
104,/Users/dcline/Dropbox/code/ai/sdcat/data/2460555.jpg,224,224,/Users/dcline/Dropbox/code/ai/sdcat/data_cluster/crops/2460555.png,2,Batray,Wave,1.0,0.0,0.0,0.0,1.0,1.0,0,0000000100000012_3221d706-d0d0-47cb-85e8-dbbb0162e225,1.0
105,/Users/dcline/Dropbox/code/ai/sdcat/data/2460556.jpg,224,224,/Users/dcline/Dropbox/code/ai/sdcat/data_cluster/crops/2460556.png,-1,Batray,Wave,1.0,0.0,0.0,0.0,1.0,1.0,0,-1,0.0
106,/Users/dcline/Dropbox/code/ai/sdcat/data/2460557.jpg,224,224,/Users/dcline/Dropbox/code/ai/sdcat/data_cluster/crops/2460557.png,2,Batray,Wave,1.0,0.0,0.0,0.0,1.0,1.0,0,0000000100000014_3221d706-d0d0-47cb-85e8-dbbb0162e225,0.9051635111876076
107,/Users/dcline/Dropbox/code/ai/sdcat/data/2460558.jpg,224,224,/Users/dcline/Dropbox/code/ai/sdcat/data_cluster/crops/2460558.png,-1,Batray,Wave,1.0,0.0,0.0,0.0,1.0,1.0,0,-1,0.0
108,/Users/dcline/Dropbox/code/ai/sdcat/data/2460559.jpg,224,224,/Users/dcline/Dropbox/code/ai/sdcat/data_cluster/crops/2460559.png,-1,Batray,Wave,1.0,0.0,0.0,0.0,1.0,1.0,0,-1,0.0
109,/Users/dcline/Dropbox/code/ai/sdcat/data/2460560.jpg,224,224,/Users/dcline/Dropbox/code/ai/sdcat/data_cluster/crops/2460560.png,-1,Batray,Wave,1.0,0.0,0.0,0.0,1.0,1.0,0,-1,0.0
110,/Users/dcline/Dropbox/code/ai/sdcat/data/2460561.jpg,224,224,/Users/dcline/Dropbox/code/ai/sdcat/data_cluster/crops/2460561.png,2,Batray,Wave,1.0,0.0,0.0,0.0,1.0,1.0,0,0000000100000015_3221d706-d0d0-47cb-85e8-dbbb0162e225,1.0
111,/Users/dcline/Dropbox/code/ai/sdcat/data/2460562.jpg,224,224,/Users/dcline/Dropbox/code/ai/sdcat/data_cluster/crops/2460562.png,-1,Batray,Wave,1.0,0.0,0.0,0.0,1.0,1.0,0,-1,0.0
112,/Users/dcline/Dropbox/code/ai/sdcat/data/2460563.jpg,224,224,/Users/dcline/Dropbox/code/ai/sdcat/data_cluster/crops/2460563.png,-1,Batray,Wave,1.0,0.0,0.0,0.0,1.0,1.0,0,-1,0.0
113,/Users/dcline/Dropbox/code/ai/sdcat/data/2460564.jpg,224,224,/Users/dcline/Dropbox/code/ai/sdcat/data_cluster/crops/2460564.png,-1,Batray,Wave,1.0,0.0,0.0,0.0,1.0,1.0,0,-1,0.0
114,/Users/dcline/Dropbox/code/ai/sdcat/data/2460565.jpg,224,224,/Users/dcline/Dropbox/code/ai/sdcat/data_cluster/crops/2460565.png,-1,Batray,Wave,1.0,0.0,0.0,0.0,1.0,1.0,0,-1,0.0
115,/Users/dcline/Dropbox/code/ai/sdcat/data/2460566.jpg,224,224,/Users/dcline/Dropbox/code/ai/sdcat/data_cluster/crops/2460566.png,-1,Batray,Wave,1.0,0.0,0.0,0.0,1.0,1.0,0,-1,0.0
116,/Users/dcline/Dropbox/code/ai/sdcat/data/2460567.jpg,224,224,/Users/dcline/Dropbox/code/ai/sdcat/data_cluster/crops/2460567.png,-1,Batray,Wave,1.0,0.0,0.0,0.0,1.0,1.0,0,-1,0.0
117,/Users/dcline/Dropbox/code/ai/sdcat/data/2460568.jpg,224,224,/Users/dcline/Dropbox/code/ai/sdcat/data_cluster/crops/2460568.png,-1,Batray,Wave,1.0,0.0,0.0,0.0,1.0,1.0,0,-1,0.0
118,/Users/dcline/Dropbox/code/ai/sdcat/data/2460569.jpg,224,224,/Users/dcline/Dropbox/code/ai/sdcat/data_cluster/crops/2460569.png,-1,Batray,Wave,1.0,0.0,0.0,0.0,1.0,1.0,0,-1,0.0
119,/Users/dcline/Dropbox/code/ai/sdcat/data/2460570.jpg,224,224,/Users/dcline/Dropbox/code/ai/sdcat/data_cluster/crops/2460570.png,-1,Batray,Wave,1.0,0.0,0.0,0.0,1.0,1.0,0,-1,0.0
120,/Users/dcline/Dropbox/code/ai/sdcat/data/2460571.jpg,224,224,/Users/dcline/Dropbox/code/ai/sdcat/data_cluster/crops/2460571.png,2,Batray,Wave,1.0,0.0,0.0,0.0,1.0,1.0,0,0000000100000003_3221d706-d0d0-47cb-85e8-dbbb0162e225,0.8557024019590189
121,/Users/dcline/Dropbox/code/ai/sdcat/data/2460573.jpg,224,224,/Users/dcline/Dropbox/code/ai/sdcat/data_cluster/crops/2460573.png,2,Batray,Wave,1.0,0.0,0.0,0.0,1.0,1.0,0,0000000100000015_3221d706-d0d0-47cb-85e8-dbbb0162e225,0.807506262416861
122,/Users/dcline/Dropbox/code/ai/sdcat/data/2460574.jpg,224,224,/Users/dcline/Dropbox/code/ai/sdcat/data_cluster/crops/2460574.png,-1,Batray,Wave,1.0,0.0,0.0,0.0,1.0,1.0,0,-1,0.0
123,/Users/dcline/Dropbox/code/ai/sdcat/data/2460575.jpg,224,224,/Users/dcline/Dropbox/code/ai/sdcat/data_cluster/crops/2460575.png,-1,Batray,Wave,1.0,0.0,0.0,0.0,1.0,1.0,0,-1,0.0
124,/Users/dcline/Dropbox/code/ai/sdcat/data/2460576.jpg,224,224,/Users/dcline/Dropbox/code/ai/sdcat/data_cluster/crops/2460576.png,2,Batray,Wave,1.0,0.0,0.0,0.0,1.0,1.0,0,0000000100000009_3221d706-d0d0-47cb-85e8-dbbb0162e225,1.0
125,/Users/dcline/Dropbox/code/ai/sdcat/data/2460577.jpg,224,224,/Users/dcline/Dropbox/code/ai/sdcat/data_cluster/crops/2460577.png,-1,Batray,Wave,1.0,0.0,0.0,0.0,1.0,1.0,0,-1,0.0
126,/Users/dcline/Dropbox/code/ai/sdcat/data/2460578.jpg,224,224,/Users/dcline/Dropbox/code/ai/sdcat/data_cluster/crops/2460578.png,2,Batray,Wave,1.0,0.0,0.0,0.0,1.0,1.0,0,0000000100000012_3221d706-d0d0-47cb-85e8-dbbb0162e225,0.8942471349143312
127,/Users/dcline/Dropbox/code/ai/sdcat/data/2460579.jpg,224,224,/Users/dcline/Dropbox/code/ai/sdcat/data_cluster/crops/2460579.png,2,Batray,Wave,1.0,0.0,0.0,0.0,1.0,1.0,0,0000000100000010_3221d706-d0d0-47cb-85e8-dbbb0162e225,1.0
128,/Users/dcline/Dropbox/code/ai/sdcat/data/2460580.jpg,224,224,/Users/dcline/Dropbox/code/ai/sdcat/data_cluster/crops/2460580.png,2,Batray,Wave,1.0,0.0,0.0,0.0,1.0,1.0,0,0000000100000014_3221d706-d0d0-47cb-85e8-dbbb0162e225,1.0
129,/Users/dcline/Dropbox/code/ai/sdcat/data/2460581.jpg,224,224,/Users/dcline/Dropbox/code/ai/sdcat/data_cluster/crops/2460581.png,-1,Batray,Wave,1.0,0.0,0.0,0.0,1.0,1.0,0,-1,0.0
130,/Users/dcline/Dropbox/code/ai/sdcat/data/2460582.jpg,224,224,/Users/dcline/Dropbox/code/ai/sdcat/data_cluster/crops/2460582.png,2,Batray,Wave,1.0,0.0,0.0,0.0,1.0,1.0,0,0000000100000010_3221d706-d0d0-47cb-85e8-dbbb0162e225,1.0
131,/Users/dcline/Dropbox/code/ai/sdcat/data/2460584.jpg,224,224,/Users/dcline/Dropbox/code/ai/sdcat/data_cluster/crops/2460584.png,2,Batray,Wave,1.0,0.0,0.0,0.0,1.0,1.0,0,0000000100000012_3221d706-d0d0-47cb-85e8-dbbb0162e225,1.0
132,/Users/dcline/Dropbox/code/ai/sdcat/data/2460586.jpg,224,224,/Users/dcline/Dropbox/code/ai/sdcat/data_cluster/crops/2460586.png,-1,Batray,Wave,1.0,0.0,0.0,0.0,1.0,1.0,0,-1,0.0
133,/Users/dcline/Dropbox/code/ai/sdcat/data/2460587.jpg,224,224,/Users/dcline/Dropbox/code/ai/sdcat/data_cluster/crops/2460587.png,-1,Batray,Wave,1.0,0.0,0.0,0.0,1.0,1.0,0,-1,0.0
134,/Users/dcline/Dropbox/code/ai/sdcat/data/2460588.jpg,224,224,/Users/dcline/Dropbox/code/ai/sdcat/data_cluster/crops/2460588.png,2,Batray,Wave,1.0,0.0,0.0,0.0,1.0,1.0,0,0000000100000014_3221d706-d0d0-47cb-85e8-dbbb0162e225,1.0
135,/Users/dcline/Dropbox/code/ai/sdcat/data/2460589.jpg,224,224,/Users/dcline/Dropbox/code/ai/sdcat/data_cluster/crops/2460589.png,2,Batray,Wave,1.0,0.0,0.0,0.0,1.0,1.0,0,0000000100000013_3221d706-d0d0-47cb-85e8-dbbb0162e225,1.0
136,/Users/dcline/Dropbox/code/ai/sdcat/data/2460590.jpg,224,224,/Users/dcline/Dropbox/code/ai/sdcat/data_cluster/crops/2460590.png,2,Batray,Wave,1.0,0.0,0.0,0.0,1.0,1.0,0,0000000100000013_3221d706-d0d0-47cb-85e8-dbbb0162e225,1.0
137,/Users/dcline/Dropbox/code/ai/sdcat/data/2460591.jpg,224,224,/Users/dcline/Dropbox/code/ai/sdcat/data_cluster/crops/2460591.png,-1,Batray,Wave,1.0,0.0,0.0,0.0,1.0,1.0,0,-1,0.0
138,/Users/dcline/Dropbox/code/ai/sdcat/data/2460592.jpg,224,224,/Users/dcline/Dropbox/code/ai/sdcat/data_cluster/crops/2460592.png,2,Batray,Wave,1.0,0.0,0.0,0.0,1.0,1.0,0,0000000100000015_3221d706-d0d0-47cb-85e8-dbbb0162e225,1.0
139,/Users/dcline/Dropbox/code/ai/sdcat/data/2460593.jpg,224,224,/Users/dcline/Dropbox/code/ai/sdcat/data_cluster/crops/2460593.png,2,Batray,Wave,1.0,0.0,0.0,0.0,1.0,1.0,0,0000000100000014_3221d706-d0d0-47cb-85e8-dbbb0162e225,0.9051635111876076
140,/Users/dcline/Dropbox/code/ai/sdcat/data/2460594.jpg,224,224,/Users/dcline/Dropbox/code/ai/sdcat/data_cluster/crops/2460594.png,-1,Batray,Wave,1.0,0.0,0.0,0.0,1.0,1.0,0,-1,0.0
141,/Users/dcline/Dropbox/code/ai/sdcat/data/2460595.jpg,224,224,/Users/dcline/Dropbox/code/ai/sdcat/data_cluster/crops/2460595.png,2,Batray,Wave,1.0,0.0,0.0,0.0,1.0,1.0,0,0000000100000009_3221d706-d0d0-47cb-85e8-dbbb0162e225,1.0
142,/Users/dcline/Dropbox/code/ai/sdcat/data/2460596.jpg,224,224,/Users/dcline/Dropbox/code/ai/sdcat/data_cluster/crops/2460596.png,-1,Batray,Wave,1.0,0.0,0.0,0.0,1.0,1.0,0,-1,0.0
143,/Users/dcline/Dropbox/code/ai/sdcat/data/2460597.jpg,224,224,/Users/dcline/Dropbox/code/ai/sdcat/data_cluster/crops/2460597.png,-1,Batray,Wave,1.0,0.0,0.0,0.0,1.0,1.0,0,-1,0.0
144,/Users/dcline/Dropbox/code/ai/sdcat/data/2460598.jpg,224,224,/Users/dcline/Dropbox/code/ai/sdcat/data_cluster/crops/2460598.png,-1,Batray,Wave,1.0,0.0,0.0,0.0,1.0,1.0,0,-1,0.0
145,/Users/dcline/Dropbox/code/ai/sdcat/data/2460602.jpg,224,224,/Users/dcline/Dropbox/code/ai/sdcat/data_cluster/crops/2460602.png,2,Batray,Wave,1.0,0.0,0.0,0.0,1.0,1.0,0,0000000100000007_3221d706-d0d0-47cb-85e8-dbbb0162e225,0.7940620648498111
146,/Users/dcline/Dropbox/code/ai/sdcat/data/2460603.jpg,224,224,/Users/dcline/Dropbox/code/ai/sdcat/data_cluster/crops/2460603.png,-1,Batray,Wave,1.0,0.0,0.0,0.0,1.0,1.0,0,-1,0.0
147,/Users/dcline/Dropbox/code/ai/sdcat/data/2460604.jpg,224,224,/Users/dcline/Dropbox/code/ai/sdcat/data_cluster/crops/2460604.png,2,Batray,Wave,1.0,0.0,0.0,0.0,1.0,1.0,0,0000000100000004_3221d706-d0d0-47cb-85e8-dbbb0162e225,1.0
148,/Users/dcline/Dropbox/code/ai/sdcat/data/2460605.jpg,224,224,/Users/dcline/Dropbox/code/ai/sdcat/data_cluster/crops/2460605.png,2,Batray,Wave,1.0,0.0,0.0,0.0,1.0,1.0,0,0000000100000004_3221d706-d0d0-47cb-85e8-dbbb0162e225,1.0
149,/Users/dcline/Dropbox/code/ai/sdcat/data/2460606.jpg,224,224,/Users/dcline/Dropbox/code/ai/sdcat/data_cluster/crops/2460606.png,-1,Batray,Kelp,1.0,0.0,0.0,0.0,1.0,1.0,0,-1,0.0
150,/Users/dcline/Dropbox/code/ai/sdcat/data/2460607.jpg,224,224,/Users/dcline/Dropbox/code/ai/sdcat/data_cluster/crops/2460607.png,2,Batray,Wave,1.0,0.0,0.0,0.0,1.0,1.0,0,0000000100000007_3221d706-d0d0-47cb-85e8-dbbb0162e225,1.0
151,/Users/dcline/Dropbox/code/ai/sdcat/data/2460608.jpg,224,224,/Users/dcline/Dropbox/code/ai/sdcat/data_cluster/crops/2460608.png,-1,Batray,Wave,1.0,0.0,0.0,0.0,1.0,1.0,0,-1,0.0
152,/Users/dcline/Dropbox/code/ai/sdcat/data/2460609.jpg,224,224,/Users/dcline/Dropbox/code/ai/sdcat/data_cluster/crops/2460609.png,-1,Batray,Shark,1.0,0.0,0.0,0.0,1.0,1.0,0,-1,0.0
153,/Users/dcline/Dropbox/code/ai/sdcat/data/2460610.jpg,224,224,/Users/dcline/Dropbox/code/ai/sdcat/data_cluster/crops/2460610.png,-1,Batray,Wave,1.0,0.0,0.0,0.0,1.0,1.0,0,-1,0.0
154,/Users/dcline/Dropbox/code/ai/sdcat/data/2460611.jpg,224,224,/Users/dcline/Dropbox/code/ai/sdcat/data_cluster/crops/2460611.png,-1,Batray,Wave,1.0,0.0,0.0,0.0,1.0,1.0,0,-1,0.0
155,/Users/dcline/Dropbox/code/ai/sdcat/data/2460612.jpg,224,224,/Users/dcline/Dropbox/code/ai/sdcat/data_cluster/crops/2460612.png,-1,Batray,Wave,1.0,0.0,0.0,0.0,1.0,1.0,0,-1,0.0
156,/Users/dcline/Dropbox/code/ai/sdcat/data/2460613.jpg,224,224,/Users/dcline/Dropbox/code/ai/sdcat/data_cluster/crops/2460613.png,-1,Batray,Wave,1.0,0.0,0.0,0.0,1.0,1.0,0,-1,0.0
157,/Users/dcline/Dropbox/code/ai/sdcat/data/2460614.jpg,224,224,/Users/dcline/Dropbox/code/ai/sdcat/data_cluster/crops/2460614.png,2,Batray,Wave,1.0,0.0,0.0,0.0,1.0,1.0,0,0000000100000006_3221d706-d0d0-47cb-85e8-dbbb0162e225,1.0
158,/Users/dcline/Dropbox/code/ai/sdcat/data/2460615.jpg,224,224,/Users/dcline/Dropbox/code/ai/sdcat/data_cluster/crops/2460615.png,2,Batray,Wave,1.0,0.0,0.0,0.0,1.0,1.0,0,0000000100000006_3221d706-d0d0-47cb-85e8-dbbb0162e225,1.0
159,/Users/dcline/Dropbox/code/ai/sdcat/data/2460616.jpg,224,224,/Users/dcline/Dropbox/code/ai/sdcat/data_cluster/crops/2460616.png,2,Batray,Wave,1.0,0.0,0.0,0.0,1.0,1.0,0,0000000100000008_3221d706-d0d0-47cb-85e8-dbbb0162e225,1.0
160,/Users/dcline/Dropbox/code/ai/sdcat/data/2460618.jpg,224,224,/Users/dcline/Dropbox/code/ai/sdcat/data_cluster/crops/2460618.png,-1,Batray,Wave,1.0,0.0,0.0,0.0,1.0,1.0,0,-1,0.0
161,/Users/dcline/Dropbox/code/ai/sdcat/data/2460619.jpg,224,224,/Users/dcline/Dropbox/code/ai/sdcat/data_cluster/crops/2460619.png,-1,Batray,Wave,1.0,0.0,0.0,0.0,1.0,1.0,0,-1,0.0
162,/Users/dcline/Dropbox/code/ai/sdcat/data/2460620.jpg,224,224,/Users/dcline/Dropbox/code/ai/sdcat/data_cluster/crops/2460620.png,-1,Batray,Wave,1.0,0.0,0.0,0.0,1.0,1.0,0,-1,0.0
163,/Users/dcline/Dropbox/code/ai/sdcat/data/2460621.jpg,224,224,/Users/dcline/Dropbox/code/ai/sdcat/data_cluster/crops/2460621.png,-1,Batray,Wave,1.0,0.0,0.0,0.0,1.0,1.0,0,-1,0.0
164,/Users/dcline/Dropbox/code/ai/sdcat/data/2460622.jpg,224,224,/Users/dcline/Dropbox/code/ai/sdcat/data_cluster/crops/2460622.png,-1,Batray,Wave,1.0,0.0,0.0,0.0,1.0,1.0,0,-1,0.0
165,/Users/dcline/Dropbox/code/ai/sdcat/data/2460623.jpg,224,224,/Users/dcline/Dropbox/code/ai/sdcat/data_cluster/crops/2460623.png,2,Batray,Wave,1.0,0.0,0.0,0.0,1.0,1.0,0,0000000100000000_3221d706-d0d0-47cb-85e8-dbbb0162e225,1.0
166,/Users/dcline/Dropbox/code/ai/sdcat/data/2460624.jpg,224,224,/Users/dcline/Dropbox/code/ai/sdcat/data_cluster/crops/2460624.png,2,Batray,Wave,1.0,0.0,0.0,0.0,1.0,1.0,0,0000000100000007_3221d706-d0d0-47cb-85e8-dbbb0162e225,1.0
167,/Users/dcline/Dropbox/code/ai/sdcat/data/2460625.jpg,224,224,/Users/dcline/Dropbox/code/ai/sdcat/data_cluster/crops/2460625.png,-1,Batray,Wave,1.0,0.0,0.0,0.0,1.0,1.0,0,-1,0.0
168,/Users/dcline/Dropbox/code/ai/sdcat/data/2460628.jpg,224,224,/Users/dcline/Dropbox/code/ai/sdcat/data_cluster/crops/2460628.png,-1,Batray,Wave,1.0,0.0,0.0,0.0,1.0,1.0,0,-1,0.0
169,/Users/dcline/Dropbox/code/ai/sdcat/data/2460629.jpg,224,224,/Users/dcline/Dropbox/code/ai/sdcat/data_cluster/crops/2460629.png,2,Batray,Wave,1.0,0.0,0.0,0.0,1.0,1.0,0,0000000100000008_3221d706-d0d0-47cb-85e8-dbbb0162e225,1.0
170,/Users/dcline/Dropbox/code/ai/sdcat/data/2460630.jpg,224,224,/Users/dcline/Dropbox/code/ai/sdcat/data_cluster/crops/2460630.png,2,Batray,Wave,1.0,0.0,0.0,0.0,1.0,1.0,0,0000000100000000_3221d706-d0d0-47cb-85e8-dbbb0162e225,1.0
171,/Users/dcline/Dropbox/code/ai/sdcat/data/2460631.jpg,224,224,/Users/dcline/Dropbox/code/ai/sdcat/data_cluster/crops/2460631.png,-1,Batray,Wave,1.0,0.0,0.0,0.0,1.0,1.0,0,-1,0.0
172,/Users/dcline/Dropbox/code/ai/sdcat/data/2460632.jpg,224,224,/Users/dcline/Dropbox/code/ai/sdcat/data_cluster/crops/2460632.png,2,Batray,Wave,1.0,0.0,0.0,0.0,1.0,1.0,0,0000000100000005_3221d706-d0d0-47cb-85e8-dbbb0162e225,1.0
173,/Users/dcline/Dropbox/code/ai/sdcat/data/2460633.jpg,224,224,/Users/dcline/Dropbox/code/ai/sdcat/data_cluster/crops/2460633.png,-1,Batray,Wave,1.0,0.0,0.0,0.0,1.0,1.0,0,-1,0.0
174,/Users/dcline/Dropbox/code/ai/sdcat/data/2460634.jpg,224,224,/Users/dcline/Dropbox/code/ai/sdcat/data_cluster/crops/2460634.png,-1,Batray,Egregia,1.0,0.0,0.0,0.0,1.0,1.0,0,-1,0.0
175,/Users/dcline/Dropbox/code/ai/sdcat/data/2460635.jpg,224,224,/Users/dcline/Dropbox/code/ai/sdcat/data_cluster/crops/2460635.png,2,Batray,Wave,1.0,0.0,0.0,0.0,1.0,1.0,0,0000000100000005_3221d706-d0d0-47cb-85e8-dbbb0162e225,1.0
176,/Users/dcline/Dropbox/code/ai/sdcat/data/2460636.jpg,224,224,/Users/dcline/Dropbox/code/ai/sdcat/data_cluster/crops/2460636.png,2,Batray,Wave,1.0,0.0,0.0,0.0,1.0,1.0,0,0000000100000002_3221d706-d0d0-47cb-85e8-dbbb0162e225,1.0
177,/Users/dcline/Dropbox/code/ai/sdcat/data/2460637.jpg,224,224,/Users/dcline/Dropbox/code/ai/sdcat/data_cluster/crops/2460637.png,2,Batray,Wave,1.0,0.0,0.0,0.0,1.0,1.0,0,0000000100000002_3221d706-d0d0-47cb-85e8-dbbb0162e225,0.6576312401659276
178,/Users/dcline/Dropbox/code/ai/sdcat/data/2460638.jpg,224,224,/Users/dcline/Dropbox/code/ai/sdcat/data_cluster/crops/2460638.png,-1,Batray,Wave,1.0,0.0,0.0,0.0,1.0,1.0,0,-1,0.0
179,/Users/dcline/Dropbox/code/ai/sdcat/data/2460639.jpg,224,224,/Users/dcline/Dropbox/code/ai/sdcat/data_cluster/crops/2460639.png,-1,Batray,Kelp,1.0,0.0,0.0,0.0,1.0,1.0,0,-1,0.0
180,/Users/dcline/Dropbox/code/ai/sdcat/data/2460641.jpg,224,224,/Users/dcline/Dropbox/code/ai/sdcat/data_cluster/crops/2460641.png,-1,Batray,Shark,1.0,0.0,0.0,0.0,1.0,1.0,0,-1,0.0
181,/Users/dcline/Dropbox/code/ai/sdcat/data/2460642.jpg,224,224,/Users/dcline/Dropbox/code/ai/sdcat/data_cluster/crops/2460642.png,-1,Batray,Wave,1.0,0.0,0.0,0.0,1.0,1.0,0,-1,0.0
182,/Users/dcline/Dropbox/code/ai/sdcat/data/2460643.jpg,224,224,/Users/dcline/Dropbox/code/ai/sdcat/data_cluster/crops/2460643.png,-1,Batray,Wave,1.0,0.0,0.0,0.0,1.0,1.0,0,-1,0.0
183,/Users/dcline/Dropbox/code/ai/sdcat/data/2460644.jpg,224,224,/Users/dcline/Dropbox/code/ai/sdcat/data_cluster/crops/2460644.png,-1,Batray,Wave,1.0,0.0,0.0,0.0,1.0,1.0,0,-1,0.0
184,/Users/dcline/Dropbox/code/ai/sdcat/data/2460645.jpg,224,224,/Users/dcline/Dropbox/code/ai/sdcat/data_cluster/crops/2460645.png,2,Batray,Egregia,1.0,0.0,0.0,0.0,1.0,1.0,0,0000000100000002_3221d706-d0d0-47cb-85e8-dbbb0162e225,1.0
185,/Users/dcline/Dropbox/code/ai/sdcat/data/2460646.jpg,224,224,/Users/dcline/Dropbox/code/ai/sdcat/data_cluster/crops/2460646.png,2,Batray,Wave,1.0,0.0,0.0,0.0,1.0,1.0,0,0000000100000001_3221d706-d0d0-47cb-85e8-dbbb0162e225,1.0
186,/Users/dcline/Dropbox/code/ai/sdcat/data/2460647.jpg,224,224,/Users/dcline/Dropbox/code/ai/sdcat/data_cluster/crops/2460647.png,-1,Batray,Wave,1.0,0.0,0.0,0.0,1.0,1.0,0,-1,0.0
187,/Users/dcline/Dropbox/code/ai/sdcat/data/2460648.jpg,224,224,/Users/dcline/Dropbox/code/ai/sdcat/data_cluster/crops/2460648.png,-1,Batray,Wave,1.0,0.0,0.0,0.0,1.0,1.0,0,-1,0.0
188,/Users/dcline/Dropbox/code/ai/sdcat/data/2460649.jpg,224,224,/Users/dcline/Dropbox/code/ai/sdcat/data_cluster/crops/2460649.png,2,Batray,Wave,1.0,0.0,0.0,0.0,1.0,1.0,0,0000000100000001_3221d706-d0d0-47cb-85e8-dbbb0162e225,1.0
189,/Users/dcline/Dropbox/code/ai/sdcat/data/2460650.jpg,224,224,/Users/dcline/Dropbox/code/ai/sdcat/data_cluster/crops/2460650.png,-1,Batray,Wave,1.0,0.0,0.0,0.0,1.0,1.0,0,-1,0.0
190,/Users/dcline/Dropbox/code/ai/sdcat/data/2460651.jpg,224,224,/Users/dcline/Dropbox/code/ai/sdcat/data_cluster/crops/2460651.png,2,Batray,Wave,1.0,0.0,0.0,0.0,1.0,1.0,0,0000000100000001_3221d706-d0d0-47cb-85e8-dbbb0162e225,0.9510027620991954
191,/Users/dcline/Dropbox/code/ai/sdcat/data/2460652.jpg,224,224,/Users/dcline/Dropbox/code/ai/sdcat/data_cluster/crops/2460652.png,-1,Batray,Wave,1.0,0.0,0.0,0.0,1.0,1.0,0,-1,0.0
192,/Users/dcline/Dropbox/code/ai/sdcat/data/2460654.jpg,224,224,/Users/dcline/Dropbox/code/ai/sdcat/data_cluster/crops/2460654.png,-1,Batray,Wave,1.0,0.0,0.0,0.0,1.0,1.0,0,-1,0.0
193,/Users/dcline/Dropbox/code/ai/sdcat/data/2460656.jpg,224,224,/Users/dcline/Dropbox/code/ai/sdcat/data_cluster/crops/2460656.png,2,Batray,Wave,1.0,0.0,0.0,0.0,1.0,1.0,0,0000000100000011_3221d706-d0d0-47cb-85e8-dbbb0162e225,1.0
194,/Users/dcline/Dropbox/code/ai/sdcat/data/2460660.jpg,224,224,/Users/dcline/Dropbox/code/ai/sdcat/data_cluster/crops/2460660.png,-1,Batray,Wave,1.0,0.0,0.0,0.0,1.0,1.0,0,-1,0.0
195,/Users/dcline/Dropbox/code/ai/sdcat/data/2460661.jpg,224,224,/Users/dcline/Dropbox/code/ai/sdcat/data_cluster/crops/2460661.png,-1,Batray,Kelp,1.0,0.0,0.0,0.0,1.0,1.0,0,-1,0.0
196,/Users/dcline/Dropbox/code/ai/sdcat/data/2460662.jpg,224,224,/Users/dcline/Dropbox/code/ai/sdcat/data_cluster/crops/2460662.png,-1,Batray,Wave,1.0,0.0,0.0,0.0,1.0,1.0,0,-1,0.0
197,/Users/dcline/Dropbox/code/ai/sdcat/data/2460663.jpg,224,224,/Users/dcline/Dropbox/code/ai/sdcat/data_cluster/crops/2460663.png,2,Batray,Wave,1.0,0.0,0.0,0.0,1.0,1.0,0,0000000100000011_3221d706-d0d0-47cb-85e8-dbbb0162e225,1.0
198,/Users/dcline/Dropbox/code/ai/sdcat/data/2460665.jpg,224,224,/Users/dcline/Dropbox/code/ai/sdcat/data_cluster/crops/2460665.png,-1,Batray,Wave,1.0,0.0,0.0,0.0,1.0,1.0,0,-1,0.0
199,/Users/dcline/Dropbox/code/ai/sdcat/data/2460666.jpg,224,224,/Users/dcline/Dropbox/code/ai/sdcat/data_cluster/crops/2460666.png,-1,Batray,Wave,1.0,0.0,0.0,0.0,1.0,1.0,0,-1,0.0
200,/Users/dcline/Dropbox/code/ai/sdcat/data/2460669.jpg,224,224,/Users/dcline/Dropbox/code/ai/sdcat/data_cluster/crops/2460669.png,2,Batray,Kelp,1.0,0.0,0.0,0.0,1.0,1.0,0,0000000200000007_0ee06ae3-bd3e-456f-aee0-68a3a889de6f,1.0
201,/Users/dcline/Dropbox/code/ai/sdcat/data/2460670.jpg,224,224,/Users/dcline/Dropbox/code/ai/sdcat/data_cluster/crops/2460670.png,2,Batray,Wave,1.0,0.0,0.0,0.0,1.0,1.0,0,0000000200000013_0ee06ae3-bd3e-456f-aee0-68a3a889de6f,0.8193102718153666
202,/Users/dcline/Dropbox/code/ai/sdcat/data/2460671.jpg,224,224,/Users/dcline/Dropbox/code/ai/sdcat/data_cluster/crops/2460671.png,2,Batray,Wave,1.0,0.0,0.0,0.0,1.0,1.0,0,0000000200000014_0ee06ae3-bd3e-456f-aee0-68a3a889de6f,1.0
203,/Users/dcline/Dropbox/code/ai/sdcat/data/2460672.jpg,224,224,/Users/dcline/Dropbox/code/ai/sdcat/data_cluster/crops/2460672.png,2,Batray,Wave,1.0,0.0,0.0,0.0,1.0,1.0,0,0000000200000007_0ee06ae3-bd3e-456f-aee0-68a3a889de6f,1.0
204,/Users/dcline/Dropbox/code/ai/sdcat/data/2460673.jpg,224,224,/Users/dcline/Dropbox/code/ai/sdcat/data_cluster/crops/2460673.png,2,Batray,Wave,1.0,0.0,0.0,0.0,1.0,1.0,0,0000000200000014_0ee06ae3-bd3e-456f-aee0-68a3a889de6f,1.0
205,/Users/dcline/Dropbox/code/ai/sdcat/data/2460674.jpg,224,224,/Users/dcline/Dropbox/code/ai/sdcat/data_cluster/crops/2460674.png,-1,Batray,Wave,1.0,0.0,0.0,0.0,1.0,1.0,0,-1,0.0
206,/Users/dcline/Dropbox/code/ai/sdcat/data/2460675.jpg,224,224,/Users/dcline/Dropbox/code/ai/sdcat/data_cluster/crops/2460675.png,-1,Batray,Wave,1.0,0.0,0.0,0.0,1.0,1.0,0,-1,0.0
207,/Users/dcline/Dropbox/code/ai/sdcat/data/2460676.jpg,224,224,/Users/dcline/Dropbox/code/ai/sdcat/data_cluster/crops/2460676.png,2,Batray,Wave,1.0,0.0,0.0,0.0,1.0,1.0,0,0000000200000013_0ee06ae3-bd3e-456f-aee0-68a3a889de6f,0.8815605866438844
208,/Users/dcline/Dropbox/code/ai/sdcat/data/2460677.jpg,224,224,/Users/dcline/Dropbox/code/ai/sdcat/data_cluster/crops/2460677.png,-1,Batray,Kelp,1.0,0.0,0.0,0.0,1.0,1.0,0,-1,0.0
209,/Users/dcline/Dropbox/code/ai/sdcat/data/2460678.jpg,224,224,/Users/dcline/Dropbox/code/ai/sdcat/data_cluster/crops/2460678.png,-1,Batray,Wave,1.0,0.0,0.0,0.0,1.0,1.0,0,-1,0.0
210,/Users/dcline/Dropbox/code/ai/sdcat/data/2460679.jpg,224,224,/Users/dcline/Dropbox/code/ai/sdcat/data_cluster/crops/2460679.png,-1,Batray,Wave,1.0,0.0,0.0,0.0,1.0,1.0,0,-1,0.0
211,/Users/dcline/Dropbox/code/ai/sdcat/data/2460680.jpg,224,224,/Users/dcline/Dropbox/code/ai/sdcat/data_cluster/crops/2460680.png,-1,Batray,Kelp,1.0,0.0,0.0,0.0,1.0,1.0,0,-1,0.0
212,/Users/dcline/Dropbox/code/ai/sdcat/data/2460681.jpg,224,224,/Users/dcline/Dropbox/code/ai/sdcat/data_cluster/crops/2460681.png,2,Batray,Wave,1.0,0.0,0.0,0.0,1.0,1.0,0,0000000200000003_0ee06ae3-bd3e-456f-aee0-68a3a889de6f,1.0
213,/Users/dcline/Dropbox/code/ai/sdcat/data/2460682.jpg,224,224,/Users/dcline/Dropbox/code/ai/sdcat/data_cluster/crops/2460682.png,-1,Batray,Kelp,1.0,0.0,0.0,0.0,1.0,1.0,0,-1,0.0
214,/Users/dcline/Dropbox/code/ai/sdcat/data/2460688.jpg,224,224,/Users/dcline/Dropbox/code/ai/sdcat/data_cluster/crops/2460688.png,-1,Batray,Kelp,1.0,0.0,0.0,0.0,1.0,1.0,0,-1,0.0
215,/Users/dcline/Dropbox/code/ai/sdcat/data/2460689.jpg,224,224,/Users/dcline/Dropbox/code/ai/sdcat/data_cluster/crops/2460689.png,2,Batray,Wave,1.0,0.0,0.0,0.0,1.0,1.0,0,0000000200000003_0ee06ae3-bd3e-456f-aee0-68a3a889de6f,1.0
216,/Users/dcline/Dropbox/code/ai/sdcat/data/2460690.jpg,224,224,/Users/dcline/Dropbox/code/ai/sdcat/data_cluster/crops/2460690.png,-1,Batray,Wave,1.0,0.0,0.0,0.0,1.0,1.0,0,-1,0.0
217,/Users/dcline/Dropbox/code/ai/sdcat/data/2460691.jpg,224,224,/Users/dcline/Dropbox/code/ai/sdcat/data_cluster/crops/2460691.png,-1,Batray,Wave,1.0,0.0,0.0,0.0,1.0,1.0,0,-1,0.0
218,/Users/dcline/Dropbox/code/ai/sdcat/data/2460704.jpg,224,224,/Users/dcline/Dropbox/code/ai/sdcat/data_cluster/crops/2460704.png,-1,Batray,Wave,1.0,0.0,0.0,0.0,1.0,1.0,0,-1,0.0
219,/Users/dcline/Dropbox/code/ai/sdcat/data/2460705.jpg,224,224,/Users/dcline/Dropbox/code/ai/sdcat/data_cluster/crops/2460705.png,-1,Batray,Wave,1.0,0.0,0.0,0.0,1.0,1.0,0,-1,0.0
220,/Users/dcline/Dropbox/code/ai/sdcat/data/2460706.jpg,224,224,/Users/dcline/Dropbox/code/ai/sdcat/data_cluster/crops/2460706.png,-1,Batray,Wave,1.0,0.0,0.0,0.0,1.0,1.0,0,-1,0.0
221,/Users/dcline/Dropbox/code/ai/sdcat/data/2460708.jpg,224,224,/Users/dcline/Dropbox/code/ai/sdcat/data_cluster/crops/2460708.png,-1,Batray,Wave,1.0,0.0,0.0,0.0,1.0,1.0,0,-1,0.0
222,/Users/dcline/Dropbox/code/ai/sdcat/data/2460711.jpg,224,224,/Users/dcline/Dropbox/code/ai/sdcat/data_cluster/crops/2460711.png,2,Batray,Wave,1.0,0.0,0.0,0.0,1.0,1.0,0,0000000200000008_0ee06ae3-bd3e-456f-aee0-68a3a889de6f,0.928461036507882
223,/Users/dcline/Dropbox/code/ai/sdcat/data/2460712.jpg,224,224,/Users/dcline/Dropbox/code/ai/sdcat/data_cluster/crops/2460712.png,2,Batray,Wave,1.0,0.0,0.0,0.0,1.0,1.0,0,0000000200000006_0ee06ae3-bd3e-456f-aee0-68a3a889de6f,1.0
224,/Users/dcline/Dropbox/code/ai/sdcat/data/2460713.jpg,224,224,/Users/dcline/Dropbox/code/ai/sdcat/data_cluster/crops/2460713.png,-1,Batray,Wave,1.0,0.0,0.0,0.0,1.0,1.0,0,-1,0.0
225,/Users/dcline/Dropbox/code/ai/sdcat/data/2460714.jpg,224,224,/Users/dcline/Dropbox/code/ai/sdcat/data_cluster/crops/2460714.png,-1,Batray,Wave,1.0,0.0,0.0,0.0,1.0,1.0,0,-1,0.0
226,/Users/dcline/Dropbox/code/ai/sdcat/data/2460715.jpg,224,224,/Users/dcline/Dropbox/code/ai/sdcat/data_cluster/crops/2460715.png,-1,Batray,Kelp,1.0,0.0,0.0,0.0,1.0,1.0,0,-1,0.0
227,/Users/dcline/Dropbox/code/ai/sdcat/data/2460716.jpg,224,224,/Users/dcline/Dropbox/code/ai/sdcat/data_cluster/crops/2460716.png,2,Batray,Wave,1.0,0.0,0.0,0.0,1.0,1.0,0,0000000200000012_0ee06ae3-bd3e-456f-aee0-68a3a889de6f,0.734765071405211
228,/Users/dcline/Dropbox/code/ai/sdcat/data/2460717.jpg,224,224,/Users/dcline/Dropbox/code/ai/sdcat/data_cluster/crops/2460717.png,2,Batray,Kelp,1.0,0.0,0.0,0.0,1.0,1.0,0,0000000200000008_0ee06ae3-bd3e-456f-aee0-68a3a889de6f,1.0
229,/Users/dcline/Dropbox/code/ai/sdcat/data/2460718.jpg,224,224,/Users/dcline/Dropbox/code/ai/sdcat/data_cluster/crops/2460718.png,-1,Batray,Kelp,1.0,0.0,0.0,0.0,1.0,1.0,0,-1,0.0
230,/Users/dcline/Dropbox/code/ai/sdcat/data/2460719.jpg,224,224,/Users/dcline/Dropbox/code/ai/sdcat/data_cluster/crops/2460719.png,-1,Batray,Kelp,1.0,0.0,0.0,0.0,1.0,1.0,0,-1,0.0
231,/Users/dcline/Dropbox/code/ai/sdcat/data/2460720.jpg,224,224,/Users/dcline/Dropbox/code/ai/sdcat/data_cluster/crops/2460720.png,-1,Batray,Wave,1.0,0.0,0.0,0.0,1.0,1.0,0,-1,0.0
232,/Users/dcline/Dropbox/code/ai/sdcat/data/2460721.jpg,224,224,/Users/dcline/Dropbox/code/ai/sdcat/data_cluster/crops/2460721.png,2,Batray,Wave,1.0,0.0,0.0,0.0,1.0,1.0,0,0000000200000011_0ee06ae3-bd3e-456f-aee0-68a3a889de6f,1.0
233,/Users/dcline/Dropbox/code/ai/sdcat/data/2460722.jpg,224,224,/Users/dcline/Dropbox/code/ai/sdcat/data_cluster/crops/2460722.png,2,Batray,Wave,1.0,0.0,0.0,0.0,1.0,1.0,0,0000000200000012_0ee06ae3-bd3e-456f-aee0-68a3a889de6f,1.0
234,/Users/dcline/Dropbox/code/ai/sdcat/data/2460723.jpg,224,224,/Users/dcline/Dropbox/code/ai/sdcat/data_cluster/crops/2460723.png,-1,Batray,Kelp,1.0,0.0,0.0,0.0,1.0,1.0,0,-1,0.0
235,/Users/dcline/Dropbox/code/ai/sdcat/data/2460724.jpg,224,224,/Users/dcline/Dropbox/code/ai/sdcat/data_cluster/crops/2460724.png,-1,Batray,Wave,1.0,0.0,0.0,0.0,1.0,1.0,0,-1,0.0
236,/Users/dcline/Dropbox/code/ai/sdcat/data/2460725.jpg,224,224,/Users/dcline/Dropbox/code/ai/sdcat/data_cluster/crops/2460725.png,-1,Batray,Kelp,1.0,0.0,0.0,0.0,1.0,1.0,0,-1,0.0
237,/Users/dcline/Dropbox/code/ai/sdcat/data/2460726.jpg,224,224,/Users/dcline/Dropbox/code/ai/sdcat/data_cluster/crops/2460726.png,2,Batray,Wave,1.0,0.0,0.0,0.0,1.0,1.0,0,0000000200000012_0ee06ae3-bd3e-456f-aee0-68a3a889de6f,1.0
238,/Users/dcline/Dropbox/code/ai/sdcat/data/2460727.jpg,224,224,/Users/dcline/Dropbox/code/ai/sdcat/data_cluster/crops/2460727.png,-1,Batray,Wave,1.0,0.0,0.0,0.0,1.0,1.0,0,-1,0.0
239,/Users/dcline/Dropbox/code/ai/sdcat/data/2460730.jpg,224,224,/Users/dcline/Dropbox/code/ai/sdcat/data_cluster/crops/2460730.png,-1,Batray,Kelp,1.0,0.0,0.0,0.0,1.0,1.0,0,-1,0.0
240,/Users/dcline/Dropbox/code/ai/sdcat/data/2460731.jpg,224,224,/Users/dcline/Dropbox/code/ai/sdcat/data_cluster/crops/2460731.png,-1,Batray,Kelp,1.0,0.0,0.0,0.0,1.0,1.0,0,-1,0.0
241,/Users/dcline/Dropbox/code/ai/sdcat/data/2460734.jpg,224,224,/Users/dcline/Dropbox/code/ai/sdcat/data_cluster/crops/2460734.png,-1,Batray,Wave,1.0,0.0,0.0,0.0,1.0,1.0,0,-1,0.0
242,/Users/dcline/Dropbox/code/ai/sdcat/data/2460735.jpg,224,224,/Users/dcline/Dropbox/code/ai/sdcat/data_cluster/crops/2460735.png,-1,Batray,Wave,1.0,0.0,0.0,0.0,1.0,1.0,0,-1,0.0
243,/Users/dcline/Dropbox/code/ai/sdcat/data/2460737.jpg,224,224,/Users/dcline/Dropbox/code/ai/sdcat/data_cluster/crops/2460737.png,-1,Batray,Kelp,1.0,0.0,0.0,0.0,1.0,1.0,0,-1,0.0
244,/Users/dcline/Dropbox/code/ai/sdcat/data/2460738.jpg,224,224,/Users/dcline/Dropbox/code/ai/sdcat/data_cluster/crops/2460738.png,-1,Batray,Kelp,1.0,0.0,0.0,0.0,1.0,1.0,0,-1,0.0
245,/Users/dcline/Dropbox/code/ai/sdcat/data/2460740.jpg,224,224,/Users/dcline/Dropbox/code/ai/sdcat/data_cluster/crops/2460740.png,2,Batray,Kelp,1.0,0.0,0.0,0.0,1.0,1.0,0,0000000200000001_0ee06ae3-bd3e-456f-aee0-68a3a889de6f,1.0
246,/Users/dcline/Dropbox/code/ai/sdcat/data/2460746.jpg,224,224,/Users/dcline/Dropbox/code/ai/sdcat/data_cluster/crops/2460746.png,-1,Batray,Kelp,1.0,0.0,0.0,0.0,1.0,1.0,0,-1,0.0
247,/Users/dcline/Dropbox/code/ai/sdcat/data/2460747.jpg,224,224,/Users/dcline/Dropbox/code/ai/sdcat/data_cluster/crops/2460747.png,-1,Batray,Kelp,1.0,0.0,0.0,0.0,1.0,1.0,0,-1,0.0
248,/Users/dcline/Dropbox/code/ai/sdcat/data/2460748.jpg,224,224,/Users/dcline/Dropbox/code/ai/sdcat/data_cluster/crops/2460748.png,2,Batray,Kelp,0.9999,0.0001,0.0,0.0,1.0,1.0,0,0000000200000001_0ee06ae3-bd3e-456f-aee0-68a3a889de6f,0.6756837781293056
249,/Users/dcline/Dropbox/code/ai/sdcat/data/2460749.jpg,224,224,/Users/dcline/Dropbox/code/ai/sdcat/data_cluster/crops/2460749.png,2,Batray,Kelp,1.0,0.0,0.0,0.0,1.0,1.0,0,0000000200000001_0ee06ae3-bd3e-456f-aee0-68a3a889de6f,1.0
250,/Users/dcline/Dropbox/code/ai/sdcat/data/2460750.jpg,224,224,/Users/dcline/Dropbox/code/ai/sdcat/data_cluster/crops/2460750.png,-1,Batray,Wave,1.0,0.0,0.0,0.0,1.0,1.0,0,-1,0.0
251,/Users/dcline/Dropbox/code/ai/sdcat/data/2494520.jpg,224,224,/Users/dcline/Dropbox/code/ai/sdcat/data_cluster/crops/2494520.png,1,Otter,Kelp,0.9998,0.0002,0.0,0.0,1.0,1.0,0,0000000200000000_0ee06ae3-bd3e-456f-aee0-68a3a889de6f,1.0
252,/Users/dcline/Dropbox/code/ai/sdcat/data/2494521.jpg,224,224,/Users/dcline/Dropbox/code/ai/sdcat/data_cluster/crops/2494521.png,1,Otter,Bird,0.9996,0.0004,0.0,0.0,1.0,1.0,0,0000000200000000_0ee06ae3-bd3e-456f-aee0-68a3a889de6f,1.0
253,/Users/dcline/Dropbox/code/ai/sdcat/data/2496769.jpg,224,224,/Users/dcline/Dropbox/code/ai/sdcat/data_cluster/crops/2496769.png,-1,Buoy,Person,0.9999,0.0001,0.0,0.0,1.0,1.0,0,-1,0.0
254,/Users/dcline/Dropbox/code/ai/sdcat/data/2582583.jpg,224,224,/Users/dcline/Dropbox/code/ai/sdcat/data_cluster/crops/2582583.png,-1,Batray,Kelp,1.0,0.0,0.0,0.0,1.0,1.0,0,-1,0.0
255,/Users/dcline/Dropbox/code/ai/sdcat/data/2770366.jpg,224,224,/Users/dcline/Dropbox/code/ai/sdcat/data_cluster/crops/2770366.png,2,Batray,Wave,1.0,0.0,0.0,0.0,1.0,1.0,0,0000000200000013_0ee06ae3-bd3e-456f-aee0-68a3a889de6f,1.0
256,/Users/dcline/Dropbox/code/ai/sdcat/data/2770367.jpg,224,224,/Users/dcline/Dropbox/code/ai/sdcat/data_cluster/crops/2770367.png,2,Batray,Wave,1.0,0.0,0.0,0.0,1.0,1.0,0,0000000200000013_0ee06ae3-bd3e-456f-aee0-68a3a889de6f,1.0
257,/Users/dcline/Dropbox/code/ai/sdcat/data/2770368.jpg,224,224,/Users/dcline/Dropbox/code/ai/sdcat/data_cluster/crops/2770368.png,-1,Batray,Wave,1.0,0.0,0.0,0.0,1.0,1.0,0,-1,0.0
258,/Users/dcline/Dropbox/code/ai/sdcat/data/2770369.jpg,224,224,/Users/dcline/Dropbox/code/ai/sdcat/data_cluster/crops/2770369.png,2,Batray,Wave,1.0,0.0,0.0,0.0,1.0,1.0,0,0000000200000002_0ee06ae3-bd3e-456f-aee0-68a3a889de6f,1.0
259,/Users/dcline/Dropbox/code/ai/sdcat/data/2770370.jpg,224,224,/Users/dcline/Dropbox/code/ai/sdcat/data_cluster/crops/2770370.png,2,Batray,Shark,1.0,0.0,0.0,0.0,1.0,1.0,0,0000000200000002_0ee06ae3-bd3e-456f-aee0-68a3a889de6f,1.0
260,/Users/dcline/Dropbox/code/ai/sdcat/data/2770371.jpg,224,224,/Users/dcline/Dropbox/code/ai/sdcat/data_cluster/crops/2770371.png,2,Batray,Shark,1.0,0.0,0.0,0.0,1.0,1.0,0,0000000200000004_0ee06ae3-bd3e-456f-aee0-68a3a889de6f,0.6196011733865934
261,/Users/dcline/Dropbox/code/ai/sdcat/data/2770372.jpg,224,224,/Users/dcline/Dropbox/code/ai/sdcat/data_cluster/crops/2770372.png,-1,Batray,Wave,1.0,0.0,0.0,0.0,1.0,1.0,0,-1,0.0
262,/Users/dcline/Dropbox/code/ai/sdcat/data/2770373.jpg,224,224,/Users/dcline/Dropbox/code/ai/sdcat/data_cluster/crops/2770373.png,2,Batray,Shark,1.0,0.0,0.0,0.0,1.0,1.0,0,0000000200000004_0ee06ae3-bd3e-456f-aee0-68a3a889de6f,1.0
263,/Users/dcline/Dropbox/code/ai/sdcat/data/2770374.jpg,224,224,/Users/dcline/Dropbox/code/ai/sdcat/data_cluster/crops/2770374.png,2,Batray,Shark,1.0,0.0,0.0,0.0,1.0,1.0,0,0000000200000004_0ee06ae3-bd3e-456f-aee0-68a3a889de6f,1.0
264,/Users/dcline/Dropbox/code/ai/sdcat/data/2770375.jpg,224,224,/Users/dcline/Dropbox/code/ai/sdcat/data_cluster/crops/2770375.png,-1,Shark,Batray,0.9996,0.0004,0.0,0.0,1.0,1.0,0,-1,0.0
265,/Users/dcline/Dropbox/code/ai/sdcat/data/2770376.jpg,224,224,/Users/dcline/Dropbox/code/ai/sdcat/data_cluster/crops/2770376.png,-1,Batray,Shark,0.9999,0.0001,0.0,0.0,1.0,1.0,0,-1,0.0
266,/Users/dcline/Dropbox/code/ai/sdcat/data/2770377.jpg,224,224,/Users/dcline/Dropbox/code/ai/sdcat/data_cluster/crops/2770377.png,-1,Batray,Shark,1.0,0.0,0.0,0.0,1.0,1.0,0,-1,0.0
267,/Users/dcline/Dropbox/code/ai/sdcat/data/2770378.jpg,224,224,/Users/dcline/Dropbox/code/ai/sdcat/data_cluster/crops/2770378.png,2,Batray,Shark,1.0,0.0,0.0,0.0,1.0,1.0,0,0000000200000004_0ee06ae3-bd3e-456f-aee0-68a3a889de6f,0.5614484065265957
268,/Users/dcline/Dropbox/code/ai/sdcat/data/2770379.jpg,224,224,/Users/dcline/Dropbox/code/ai/sdcat/data_cluster/crops/2770379.png,-1,Batray,Shark,0.9998,0.0002,0.0,0.0,1.0,1.0,0,-1,0.0
269,/Users/dcline/Dropbox/code/ai/sdcat/data/2770380.jpg,224,224,/Users/dcline/Dropbox/code/ai/sdcat/data_cluster/crops/2770380.png,-1,Batray,Wave,1.0,0.0,0.0,0.0,1.0,1.0,0,-1,0.0
270,/Users/dcline/Dropbox/code/ai/sdcat/data/2770381.jpg,224,224,/Users/dcline/Dropbox/code/ai/sdcat/data_cluster/crops/2770381.png,-1,Batray,Wave,1.0,0.0,0.0,0.0,1.0,1.0,0,-1,0.0
271,/Users/dcline/Dropbox/code/ai/sdcat/data/2770382.jpg,224,224,/Users/dcline/Dropbox/code/ai/sdcat/data_cluster/crops/2770382.png,2,Batray,Wave,1.0,0.0,0.0,0.0,1.0,1.0,0,0000000200000005_0ee06ae3-bd3e-456f-aee0-68a3a889de6f,0.7333303017901263
272,/Users/dcline/Dropbox/code/ai/sdcat/data/2770383.jpg,224,224,/Users/dcline/Dropbox/code/ai/sdcat/data_cluster/crops/2770383.png,2,Batray,Wave,1.0,0.0,0.0,0.0,1.0,1.0,0,0000000200000005_0ee06ae3-bd3e-456f-aee0-68a3a889de6f,0.7333303017901263
273,/Users/dcline/Dropbox/code/ai/sdcat/data/2770384.jpg,224,224,/Users/dcline/Dropbox/code/ai/sdcat/data_cluster/crops/2770384.png,-1,Batray,Kelp,1.0,0.0,0.0,0.0,1.0,1.0,0,-1,0.0
274,/Users/dcline/Dropbox/code/ai/sdcat/data/2770385.jpg,224,224,/Users/dcline/Dropbox/code/ai/sdcat/data_cluster/crops/2770385.png,-1,Batray,Shark,1.0,0.0,0.0,0.0,1.0,1.0,0,-1,0.0
275,/Users/dcline/Dropbox/code/ai/sdcat/data/2770386.jpg,224,224,/Users/dcline/Dropbox/code/ai/sdcat/data_cluster/crops/2770386.png,2,Batray,Wave,1.0,0.0,0.0,0.0,1.0,1.0,0,0000000200000005_0ee06ae3-bd3e-456f-aee0-68a3a889de6f,0.6705846477975217
276,/Users/dcline/Dropbox/code/ai/sdcat/data/2770387.jpg,224,224,/Users/dcline/Dropbox/code/ai/sdcat/data_cluster/crops/2770387.png,2,Batray,Wave,1.0,0.0,0.0,0.0,1.0,1.0,0,0000000200000005_0ee06ae3-bd3e-456f-aee0-68a3a889de6f,1.0
277,/Users/dcline/Dropbox/code/ai/sdcat/data/2770388.jpg,224,224,/Users/dcline/Dropbox/code/ai/sdcat/data_cluster/crops/2770388.png,2,Batray,Wave,1.0,0.0,0.0,0.0,1.0,1.0,0,0000000200000005_0ee06ae3-bd3e-456f-aee0-68a3a889de6f,1.0
278,/Users/dcline/Dropbox/code/ai/sdcat/data/2770389.jpg,224,224,/Users/dcline/Dropbox/code/ai/sdcat/data_cluster/crops/2770389.png,-1,Batray,Wave,1.0,0.0,0.0,0.0,1.0,1.0,0,-1,0.0
279,/Users/dcline/Dropbox/code/ai/sdcat/data/2770390.jpg,224,224,/Users/dcline/Dropbox/code/ai/sdcat/data_cluster/crops/2770390.png,-1,Batray,Wave,1.0,0.0,0.0,0.0,1.0,1.0,0,-1,0.0
280,/Users/dcline/Dropbox/code/ai/sdcat/data/2770391.jpg,224,224,/Users/dcline/Dropbox/code/ai/sdcat/data_cluster/crops/2770391.png,-1,Batray,Wave,1.0,0.0,0.0,0.0,1.0,1.0,0,-1,0.0
281,/Users/dcline/Dropbox/code/ai/sdcat/data/2770392.jpg,224,224,/Users/dcline/Dropbox/code/ai/sdcat/data_cluster/crops/2770392.png,-1,Batray,Kelp,1.0,0.0,0.0,0.0,1.0,1.0,0,-1,0.0
282,/Users/dcline/Dropbox/code/ai/sdcat/data/2770393.jpg,224,224,/Users/dcline/Dropbox/code/ai/sdcat/data_cluster/crops/2770393.png,-1,Batray,Wave,1.0,0.0,0.0,0.0,1.0,1.0,0,-1,0.0
283,/Users/dcline/Dropbox/code/ai/sdcat/data/2770394.jpg,224,224,/Users/dcline/Dropbox/code/ai/sdcat/data_cluster/crops/2770394.png,2,Batray,Wave,1.0,0.0,0.0,0.0,1.0,1.0,0,0000000200000009_0ee06ae3-bd3e-456f-aee0-68a3a889de6f,1.0
284,/Users/dcline/Dropbox/code/ai/sdcat/data/2770395.jpg,224,224,/Users/dcline/Dropbox/code/ai/sdcat/data_cluster/crops/2770395.png,2,Batray,Wave,1.0,0.0,0.0,0.0,1.0,1.0,0,0000000200000009_0ee06ae3-bd3e-456f-aee0-68a3a889de6f,1.0
285,/Users/dcline/Dropbox/code/ai/sdcat/data/2770396.jpg,224,224,/Users/dcline/Dropbox/code/ai/sdcat/data_cluster/crops/2770396.png,2,Batray,Wave,1.0,0.0,0.0,0.0,1.0,1.0,0,0000000200000013_0ee06ae3-bd3e-456f-aee0-68a3a889de6f,0.9721140560231127
286,/Users/dcline/Dropbox/code/ai/sdcat/data/2770397.jpg,224,224,/Users/dcline/Dropbox/code/ai/sdcat/data_cluster/crops/2770397.png,2,Batray,Wave,1.0,0.0,0.0,0.0,1.0,1.0,0,0000000200000010_0ee06ae3-bd3e-456f-aee0-68a3a889de6f,0.15707510267944455
287,/Users/dcline/Dropbox/code/ai/sdcat/data/2770399.jpg,224,224,/Users/dcline/Dropbox/code/ai/sdcat/data_cluster/crops/2770399.png,2,Batray,Wave,1.0,0.0,0.0,0.0,1.0,1.0,0,0000000200000010_0ee06ae3-bd3e-456f-aee0-68a3a889de6f,1.0
288,/Users/dcline/Dropbox/code/ai/sdcat/data/2770400.jpg,224,224,/Users/dcline/Dropbox/code/ai/sdcat/data_cluster/crops/2770400.png,2,Batray,Wave,1.0,0.0,0.0,0.0,1.0,1.0,0,0000000200000010_0ee06ae3-bd3e-456f-aee0-68a3a889de6f,1.0
289,/Users/dcline/Dropbox/code/ai/sdcat/data/2770403.jpg,224,224,/Users/dcline/Dropbox/code/ai/sdcat/data_cluster/crops/2770403.png,-1,Batray,Wave,1.0,0.0,0.0,0.0,1.0,1.0,0,-1,0.0
290,/Users/dcline/Dropbox/code/ai/sdcat/data/2770404.jpg,224,224,/Users/dcline/Dropbox/code/ai/sdcat/data_cluster/crops/2770404.png,-1,Batray,Wave,1.0,0.0,0.0,0.0,1.0,1.0,0,-1,0.0
291,/Users/dcline/Dropbox/code/ai/sdcat/data/2770405.jpg,224,224,/Users/dcline/Dropbox/code/ai/sdcat/data_cluster/crops/2770405.png,2,Batray,Shark,1.0,0.0,0.0,0.0,1.0,1.0,0,0000000200000004_0ee06ae3-bd3e-456f-aee0-68a3a889de6f,0.5614484065265957
292,/Users/dcline/Dropbox/code/ai/sdcat/data/2770407.jpg,224,224,/Users/dcline/Dropbox/code/ai/sdcat/data_cluster/crops/2770407.png,-1,Batray,Wave,1.0,0.0,0.0,0.0,1.0,1.0,0,-1,0.0
293,/Users/dcline/Dropbox/code/ai/sdcat/data/2770408.jpg,224,224,/Users/dcline/Dropbox/code/ai/sdcat/data_cluster/crops/2770408.png,-1,Batray,Wave,1.0,0.0,0.0,0.0,1.0,1.0,0,-1,0.0
294,/Users/dcline/Dropbox/code/ai/sdcat/data/2770409.jpg,224,224,/Users/dcline/Dropbox/code/ai/sdcat/data_cluster/crops/2770409.png,2,Batray,Wave,1.0,0.0,0.0,0.0,1.0,1.0,0,0000000200000006_0ee06ae3-bd3e-456f-aee0-68a3a889de6f,1.0
295,/Users/dcline/Dropbox/code/ai/sdcat/data/2770411.jpg,224,224,/Users/dcline/Dropbox/code/ai/sdcat/data_cluster/crops/2770411.png,-1,Batray,Wave,1.0,0.0,0.0,0.0,1.0,1.0,0,-1,0.0
296,/Users/dcline/Dropbox/code/ai/sdcat/data/2770412.jpg,224,224,/Users/dcline/Dropbox/code/ai/sdcat/data_cluster/crops/2770412.png,2,Batray,Wave,1.0,0.0,0.0,0.0,1.0,1.0,0,0000000200000011_0ee06ae3-bd3e-456f-aee0-68a3a889de6f,1.0
297,/Users/dcline/Dropbox/code/ai/sdcat/data/2770413.jpg,224,224,/Users/dcline/Dropbox/code/ai/sdcat/data_cluster/crops/2770413.png,2,Batray,Wave,1.0,0.0,0.0,0.0,1.0,1.0,0,0000000200000008_0ee06ae3-bd3e-456f-aee0-68a3a889de6f,1.0
298,/Users/dcline/Dropbox/code/ai/sdcat/data/2770414.jpg,224,224,/Users/dcline/Dropbox/code/ai/sdcat/data_cluster/crops/2770414.png,-1,Batray,Wave,1.0,0.0,0.0,0.0,1.0,1.0,0,-1,0.0
299,/Users/dcline/Dropbox/code/ai/sdcat/data/2770415.jpg,224,224,/Users/dcline/Dropbox/code/ai/sdcat/data_cluster/crops/2770415.png,-1,Batray,Wave,1.0,0.0,0.0,0.0,1.0,1.0,0,-1,0.0
300,/Users/dcline/Dropbox/code/ai/sdcat/data/2770416.jpg,224,224,/Users/dcline/Dropbox/code/ai/sdcat/data_cluster/crops/2770416.png,-1,Batray,Wave,1.0,0.0,0.0,0.0,1.0,1.0,0,-1,0.0
301,/Users/dcline/Dropbox/code/ai/sdcat/data/2770417.jpg,224,224,/Users/dcline/Dropbox/code/ai/sdcat/data_cluster/crops/2770417.png,-1,Batray,Wave,1.0,0.0,0.0,0.0,1.0,1.0,0,-1,0.0
302,/Users/dcline/Dropbox/code/ai/sdcat/data/2770418.jpg,224,224,/Users/dcline/Dropbox/code/ai/sdcat/data_cluster/crops/2770418.png,2,Batray,Wave,1.0,0.0,0.0,0.0,1.0,1.0,0,0000000300000003_151cea1f-6cd6-403a-afd6-3efd5f88a6f0,0.6362548764629389
303,/Users/dcline/Dropbox/code/ai/sdcat/data/2770419.jpg,224,224,/Users/dcline/Dropbox/code/ai/sdcat/data_cluster/crops/2770419.png,-1,Batray,Wave,1.0,0.0,0.0,0.0,1.0,1.0,0,-1,0.0
304,/Users/dcline/Dropbox/code/ai/sdcat/data/2770420.jpg,224,224,/Users/dcline/Dropbox/code/ai/sdcat/data_cluster/crops/2770420.png,2,Batray,Wave,1.0,0.0,0.0,0.0,1.0,1.0,0,0000000300000003_151cea1f-6cd6-403a-afd6-3efd5f88a6f0,0.7555747729940083
305,/Users/dcline/Dropbox/code/ai/sdcat/data/2770421.jpg,224,224,/Users/dcline/Dropbox/code/ai/sdcat/data_cluster/crops/2770421.png,-1,Batray,Wave,1.0,0.0,0.0,0.0,1.0,1.0,0,-1,0.0
306,/Users/dcline/Dropbox/code/ai/sdcat/data/2770422.jpg,224,224,/Users/dcline/Dropbox/code/ai/sdcat/data_cluster/crops/2770422.png,2,Batray,Wave,1.0,0.0,0.0,0.0,1.0,1.0,0,0000000300000004_151cea1f-6cd6-403a-afd6-3efd5f88a6f0,0.752212922261697
307,/Users/dcline/Dropbox/code/ai/sdcat/data/2770423.jpg,224,224,/Users/dcline/Dropbox/code/ai/sdcat/data_cluster/crops/2770423.png,2,Batray,Wave,1.0,0.0,0.0,0.0,1.0,1.0,0,0000000300000004_151cea1f-6cd6-403a-afd6-3efd5f88a6f0,0.6522556390977444
308,/Users/dcline/Dropbox/code/ai/sdcat/data/2770424.jpg,224,224,/Users/dcline/Dropbox/code/ai/sdcat/data_cluster/crops/2770424.png,2,Batray,Wave,1.0,0.0,0.0,0.0,1.0,1.0,0,0000000300000003_151cea1f-6cd6-403a-afd6-3efd5f88a6f0,1.0
309,/Users/dcline/Dropbox/code/ai/sdcat/data/2770425.jpg,224,224,/Users/dcline/Dropbox/code/ai/sdcat/data_cluster/crops/2770425.png,2,Batray,Wave,1.0,0.0,0.0,0.0,1.0,1.0,0,0000000300000003_151cea1f-6cd6-403a-afd6-3efd5f88a6f0,1.0
310,/Users/dcline/Dropbox/code/ai/sdcat/data/2770426.jpg,224,224,/Users/dcline/Dropbox/code/ai/sdcat/data_cluster/crops/2770426.png,-1,Batray,Wave,1.0,0.0,0.0,0.0,1.0,1.0,0,-1,0.0
311,/Users/dcline/Dropbox/code/ai/sdcat/data/2770427.jpg,224,224,/Users/dcline/Dropbox/code/ai/sdcat/data_cluster/crops/2770427.png,2,Batray,Wave,1.0,0.0,0.0,0.0,1.0,1.0,0,0000000300000003_151cea1f-6cd6-403a-afd6-3efd5f88a6f0,0.704202648244099
312,/Users/dcline/Dropbox/code/ai/sdcat/data/2770429.jpg,224,224,/Users/dcline/Dropbox/code/ai/sdcat/data_cluster/crops/2770429.png,-1,Batray,Wave,1.0,0.0,0.0,0.0,1.0,1.0,0,-1,0.0
313,/Users/dcline/Dropbox/code/ai/sdcat/data/2770430.jpg,224,224,/Users/dcline/Dropbox/code/ai/sdcat/data_cluster/crops/2770430.png,-1,Batray,Wave,1.0,0.0,0.0,0.0,1.0,1.0,0,-1,0.0
314,/Users/dcline/Dropbox/code/ai/sdcat/data/2770431.jpg,224,224,/Users/dcline/Dropbox/code/ai/sdcat/data_cluster/crops/2770431.png,2,Batray,Wave,1.0,0.0,0.0,0.0,1.0,1.0,0,0000000300000001_151cea1f-6cd6-403a-afd6-3efd5f88a6f0,1.0
315,/Users/dcline/Dropbox/code/ai/sdcat/data/2770432.jpg,224,224,/Users/dcline/Dropbox/code/ai/sdcat/data_cluster/crops/2770432.png,2,Batray,Wave,1.0,0.0,0.0,0.0,1.0,1.0,0,0000000300000001_151cea1f-6cd6-403a-afd6-3efd5f88a6f0,0.8863329393888233
316,/Users/dcline/Dropbox/code/ai/sdcat/data/2770433.jpg,224,224,/Users/dcline/Dropbox/code/ai/sdcat/data_cluster/crops/2770433.png,2,Batray,Wave,1.0,0.0,0.0,0.0,1.0,1.0,0,0000000300000001_151cea1f-6cd6-403a-afd6-3efd5f88a6f0,1.0
317,/Users/dcline/Dropbox/code/ai/sdcat/data/2770434.jpg,224,224,/Users/dcline/Dropbox/code/ai/sdcat/data_cluster/crops/2770434.png,-1,Batray,Wave,1.0,0.0,0.0,0.0,1.0,1.0,0,-1,0.0
318,/Users/dcline/Dropbox/code/ai/sdcat/data/2770435.jpg,224,224,/Users/dcline/Dropbox/code/ai/sdcat/data_cluster/crops/2770435.png,2,Batray,Wave,1.0,0.0,0.0,0.0,1.0,1.0,0,0000000300000004_151cea1f-6cd6-403a-afd6-3efd5f88a6f0,1.0
319,/Users/dcline/Dropbox/code/ai/sdcat/data/2770436.jpg,224,224,/Users/dcline/Dropbox/code/ai/sdcat/data_cluster/crops/2770436.png,2,Batray,Wave,1.0,0.0,0.0,0.0,1.0,1.0,0,0000000300000004_151cea1f-6cd6-403a-afd6-3efd5f88a6f0,0.6872043129057103
320,/Users/dcline/Dropbox/code/ai/sdcat/data/2770437.jpg,224,224,/Users/dcline/Dropbox/code/ai/sdcat/data_cluster/crops/2770437.png,2,Batray,Wave,1.0,0.0,0.0,0.0,1.0,1.0,0,0000000300000002_151cea1f-6cd6-403a-afd6-3efd5f88a6f0,1.0
321,/Users/dcline/Dropbox/code/ai/sdcat/data/2770438.jpg,224,224,/Users/dcline/Dropbox/code/ai/sdcat/data_cluster/crops/2770438.png,2,Batray,Wave,1.0,0.0,0.0,0.0,1.0,1.0,0,0000000300000000_151cea1f-6cd6-403a-afd6-3efd5f88a6f0,1.0
322,/Users/dcline/Dropbox/code/ai/sdcat/data/2770439.jpg,224,224,/Users/dcline/Dropbox/code/ai/sdcat/data_cluster/crops/2770439.png,2,Batray,Wave,1.0,0.0,0.0,0.0,1.0,1.0,0,0000000300000000_151cea1f-6cd6-403a-afd6-3efd5f88a6f0,1.0
323,/Users/dcline/Dropbox/code/ai/sdcat/data/2770440.jpg,224,224,/Users/dcline/Dropbox/code/ai/sdcat/data_cluster/crops/2770440.png,2,Batray,Wave,1.0,0.0,0.0,0.0,1.0,1.0,0,0000000300000002_151cea1f-6cd6-403a-afd6-3efd5f88a6f0,1.0
324,/Users/dcline/Dropbox/code/ai/sdcat/data/2770441.jpg,224,224,/Users/dcline/Dropbox/code/ai/sdcat/data_cluster/crops/2770441.png,-1,Batray,Wave,1.0,0.0,0.0,0.0,1.0,1.0,0,-1,0.0
325,/Users/dcline/Dropbox/code/ai/sdcat/data/2770442.jpg,224,224,/Users/dcline/Dropbox/code/ai/sdcat/data_cluster/crops/2770442.png,2,Batray,Wave,1.0,0.0,0.0,0.0,1.0,1.0,0,0000000300000004_151cea1f-6cd6-403a-afd6-3efd5f88a6f0,1.0
326,/Users/dcline/Dropbox/code/ai/sdcat/data/2770443.jpg,224,224,/Users/dcline/Dropbox/code/ai/sdcat/data_cluster/crops/2770443.png,-1,Batray,Wave,1.0,0.0,0.0,0.0,1.0,1.0,0,-1,0.0
327,/Users/dcline/Dropbox/code/ai/sdcat/data/2770444.jpg,224,224,/Users/dcline/Dropbox/code/ai/sdcat/data_cluster/crops/2770444.png,-1,Batray,Wave,1.0,0.0,0.0,0.0,1.0,1.0,0,-1,0.0
